date,symbol,call,segment,current_price
2020-01-03,AAPL,buy,D,297.43
2020-01-03,AGNC,negative,L,17.73
2020-01-03,AMD,buy,D,48.6
2020-01-03,AXP,buy,D,124.6
2020-01-03,BA,negative,D,332.76
2020-01-03,BABA,buy,L,217.0
2020-01-03,BBBY,positive,D,16.08
2020-01-03,BP,buy,D,38.83
2020-01-03,CGC,negative,D,19.9
2020-01-03,CMG,buy,D,865.13
2020-01-03,COST,buy,D,291.73
2020-01-03,CRWD,buy,I,50.75
2020-01-03,CVS,buy,D,73.57
2020-01-03,DIS,buy,D,146.5
2020-01-03,GS,buy,D,231.58
2020-01-03,HD,buy,D,218.93
2020-01-03,JPM,buy,D,138.34
2020-01-03,KBH,buy,D,34.91
2020-01-03,KLAC,buy,D,179.08
2020-01-03,LEN,buy,D,56.47
2020-01-03,LK,negative,L,36.72
2020-01-03,LRCX,buy,D,294.69
2020-01-03,MSFT,buy,D,158.62
2020-01-03,NKE,buy,D,101.92
2020-01-03,PG,buy,D,122.58
2020-01-03,SBUX,buy,L,88.83
2020-01-03,SHAK,positive,L,60.49
2020-01-03,SLB,buy,D,40.56
2020-01-03,STZ,negative,D,189.53
2020-01-03,TGT,buy,D,124.76
2020-01-03,USB,buy,L,58.51
2020-01-03,V,buy,D,189.6
2020-01-03,VIAC,buy,L,41.45
2020-01-03,WBA,sell,D,59.08
2020-01-03,WEN,buy,L,22.38
2020-01-03,WMT,buy,D,117.89
2020-01-06,AAXN,buy,I,68.75
2020-01-06,AEP,buy,D,93.67
2020-01-06,AMRN,buy,L,21.23
2020-01-06,CRWD,buy,D,55.11
2020-01-06,D,buy,D,82.39
2020-01-06,ED,buy,D,88.34
2020-01-06,ENPH,negative,L,29.66
2020-01-06,GLD,buy,D,147.39
2020-01-06,GOLD,buy,D,18.39
2020-01-06,JWN,buy,D,40.98
2020-01-06,KSS,buy,D,50.06
2020-01-06,LHX,buy,D,211.72
2020-01-06,MKTX,buy,L,374.08
2020-01-06,NOK,positive,L,3.94
2020-01-06,NTRA,buy,L,33.77
2020-01-06,PLNT,buy,I,75.04
2020-01-06,PXD,buy,D,158.11
2020-01-06,ROKU,positive,L,143.37
2020-01-06,SLB,buy,D,40.82
2020-01-06,SNAP,positive,L,16.78
2020-01-06,T,buy,L,39.1
2020-01-06,TSLA,buy,L,451.54
2020-01-07,AMD,positive,D,48.25
2020-01-07,AMT,buy,L,223.68
2020-01-07,BABA,buy,L,217.63
2020-01-07,CHWY,buy,L,29.2
2020-01-07,COLM,buy,F,100.33
2020-01-07,ISEE,positive,L,8.44
2020-01-07,MAT,buy,L,14.18
2020-01-07,MCHP,positive,D,110.69
2020-01-07,NIO,sell,L,3.24
2020-01-07,NKE,buy,F,101.78
2020-01-07,PEI,sell,L,5.01
2020-01-07,TSLA,buy,F,469.06
2020-01-07,UAA,negative,F,20.7
2020-01-08,AAPL,buy,D,303.19
2020-01-08,ADP,buy,D,169.71
2020-01-08,APLS,negative,L,39.14
2020-01-08,AXP,buy,D,125.54
2020-01-08,BABA,buy,L,218.0
2020-01-08,CHWY,buy,D,28.62
2020-01-08,CLB,negative,F,40.2
2020-01-08,CLDR,positive,L,11.98
2020-01-08,CVET,negative,D,13.6
2020-01-08,ELAN,buy,D,28.56
2020-01-08,FB,buy,L,215.22
2020-01-08,KRTX,negative,L,71.37
2020-01-08,LEN,buy,D,57.59
2020-01-08,M,positive,D,18.1
2020-01-08,NET,sell,L,17.78
2020-01-08,PETQ,negative,D,24.35
2020-01-08,PINS,negative,L,19.72
2020-01-08,SE,sell,M,40.16
2020-01-08,STZ,buy,I,190.29
2020-01-08,TDOC,buy,L,86.22
2020-01-08,TSLA,buy,D,492.14
2020-01-08,TWTR,buy,L,33.05
2020-01-08,UBER,negative,L,33.93
2020-01-08,VEEV,buy,L,141.7
2020-01-09,AAPL,buy,D,309.63
2020-01-09,BBBY,buy,F,13.45
2020-01-09,BLDP,sell,L,8.59
2020-01-09,BMY,buy,L,65.45
2020-01-09,CGC,positive,L,20.8
2020-01-09,CONE,buy,L,65.52
2020-01-09,CRON,sell,L,7.05
2020-01-09,EPR,buy,L,70.15
2020-01-09,LEN,buy,D,57.69
2020-01-09,MAXR,positive,L,18.86
2020-01-09,SBUX,buy,L,90.53
2020-01-09,TEVA,sell,L,9.02
2020-01-09,TOL,buy,D,41.06
2020-01-09,TSN,buy,F,89.21
2020-01-10,BAC,positive,D,34.74
2020-01-10,CSX,buy,D,73.36
2020-01-10,GS,positive,D,242.11
2020-01-10,JPM,positive,D,136.07
2020-01-10,KMI,positive,L,21.51
2020-01-10,LPI,sell,L,2.65
2020-01-10,MKSI,buy,L,107.66
2020-01-10,MS,positive,D,52.21
2020-01-10,NVTA,buy,L,16.72
2020-01-10,PE,buy,I,18.13
2020-01-10,PPG,buy,D,128.09
2020-01-10,RGNX,negative,L,44.88
2020-01-10,SLB,negative,D,39.83
2020-01-10,TGTX,buy,L,13.18
2020-01-10,UNH,buy,D,295.13
2020-01-10,VRTX,buy,L,228.95
2020-01-10,VTR,negative,L,56.97
2020-01-10,WFC,positive,D,52.5
2020-01-13,AAPL,buy,D,316.96
2020-01-13,ADBE,buy,D,345.63
2020-01-13,BYND,buy,D,114.34
2020-01-13,CRM,buy,D,183.85
2020-01-13,CVS,buy,I,72.76
2020-01-13,CVX,positive,L,116.66
2020-01-13,FHN,buy,L,16.24
2020-01-13,GSK,buy,I,46.95
2020-01-13,IBM,negative,L,136.6
2020-01-13,LULU,buy,D,245.18
2020-01-13,NVDA,buy,D,251.98
2020-01-13,SWKS,buy,D,124.51
2020-01-13,TSLA,buy,D,524.86
2020-01-13,ZTS,buy,I,136.51
2020-01-14,ABBV,buy,L,88.2
2020-01-14,ATKR,buy,L,41.37
2020-01-14,BRK.B,buy,L,227.17
2020-01-14,DG,buy,L,157.98
2020-01-14,DXCM,buy,I,235.06
2020-01-14,LTC,sell,L,45.69
2020-01-14,MDT,buy,I,117.04
2020-01-14,PK,sell,L,24.17
2020-01-14,RVNC,positive,L,21.74
2020-01-14,SIRI,positive,L,7.11
2020-01-14,T,buy,L,38.09
2020-01-14,TNDM,positive,L,67.35
2020-01-14,VZ,buy,L,59.04
2020-01-15,AAXN,buy,L,72.7
2020-01-15,ABBV,buy,L,89.26
2020-01-15,BAC,buy,D,34.67
2020-01-15,BMY,buy,L,66.58
2020-01-15,BP,sell,L,38.71
2020-01-15,BYND,negative,D,107.08
2020-01-15,CVS,buy,D,75.27
2020-01-15,EMR,buy,D,76.66
2020-01-15,FDX,positive,D,159.15
2020-01-15,HON,buy,D,180.73
2020-01-15,MCHP,positive,L,107.58
2020-01-15,MRNA,buy,I,20.24
2020-01-15,NEE,buy,L,251.58
2020-01-15,PFE,negative,L,40.67
2020-01-15,RCL,buy,L,132.62
2020-01-15,SFIX,buy,I,24.65
2020-01-15,TELL,buy,D,7.66
2020-01-15,TSLA,negative,D,518.5
2020-01-15,UNH,buy,D,296.41
2020-01-15,UTX,buy,D,151.96
2020-01-15,VKTX,sell,L,7.37
2020-01-15,WFC,negative,D,48.32
2020-01-15,XPO,buy,I,82.82
2020-01-16,ADVM,buy,L,11.7
2020-01-16,AMD,positive,D,49.77
2020-01-16,BABA,buy,L,223.94
2020-01-16,BLK,buy,D,535.0
2020-01-16,GWPH,buy,I,119.12
2020-01-16,INGN,sell,L,51.79
2020-01-16,JD,sell,L,39.56
2020-01-16,MS,buy,D,56.44
2020-01-16,MSFT,buy,I,166.17
2020-01-16,STAG,buy,L,32.33
2020-01-16,TSLA,positive,D,513.49
2020-01-16,TTD,buy,L,281.0
2020-01-21,BABA,buy,L,222.26
2020-01-21,BOX,negative,L,16.27
2020-01-21,BYND,positive,D,129.18
2020-01-21,COST,buy,I,313.26
2020-01-21,LOGI,buy,I,47.79
2020-01-21,MAR,negative,D,144.37
2020-01-21,MS,positive,D,55.92
2020-01-21,MX,sell,L,15.33
2020-01-21,NOK,buy,L,4.13
2020-01-21,TSLA,positive,D,547.2
2020-01-21,UBER,positive,D,37.6
2020-01-21,UNFI,sell,F,7.9
2020-01-21,WEN,buy,L,21.66
2020-01-22,AAPL,positive,D,317.7
2020-01-22,AVGO,positive,D,312.88
2020-01-22,BAM,buy,L,61.86
2020-01-22,BRKR,buy,D,53.19
2020-01-22,CIM,sell,L,21.22
2020-01-22,DHR,buy,L,163.77
2020-01-22,ET,sell,L,12.71
2020-01-22,IBM,positive,D,143.89
2020-01-22,INMD,buy,D,46.15
2020-01-22,ISRG,buy,D,610.24
2020-01-22,LB,sell,L,19.98
2020-01-22,LVS,negative,D,69.45
2020-01-22,MAR,negative,D,144.12
2020-01-22,MGM,negative,D,31.95
2020-01-22,NFLX,positive,D,326.0
2020-01-22,SIX,sell,L,37.22
2020-01-22,TSLA,buy,F,569.56
2020-01-22,WYNN,negative,D,140.09
2020-01-23,AAPL,positive,D,319.23
2020-01-23,APA,sell,L,30.27
2020-01-23,AVGO,positive,D,319.65
2020-01-23,CSCO,buy,L,49.0
2020-01-23,FHN,buy,I,17.02
2020-01-23,GRUB,buy,I,57.74
2020-01-23,INFO,buy,L,80.59
2020-01-23,INTC,negative,D,63.32
2020-01-23,LSCC,buy,L,22.48
2020-01-23,NVDA,positive,D,252.86
2020-01-23,RSG,buy,L,94.41
2020-01-23,SNAP,buy,F,19.25
2020-01-23,WDC,positive,D,70.93
2020-01-24,AAPL,buy,D,318.31
2020-01-24,AMD,buy,D,50.35
2020-01-24,AXP,buy,L,135.11
2020-01-24,BA,negative,D,323.05
2020-01-24,CVX,negative,D,111.85
2020-01-24,DHI,positive,D,58.51
2020-01-24,EVBG,positive,M,89.8
2020-01-24,FB,buy,D,217.94
2020-01-24,FHN,buy,F,16.55
2020-01-24,GS,buy,D,241.92
2020-01-24,HCA,buy,D,143.45
2020-01-24,ISEE,sell,M,7.0
2020-01-24,LB,negative,F,20.74
2020-01-24,MSFT,buy,D,165.04
2020-01-24,TDY,buy,L,361.87
2020-01-24,UTX,positive,D,153.19
2020-01-24,WDC,buy,D,69.52
2020-01-24,XOM,negative,D,66.32
2020-01-27,ABBV,buy,D,84.02
2020-01-27,ADBE,buy,F,346.9
2020-01-27,BMY,buy,D,63.7
2020-01-27,CAT,negative,D,135.73
2020-01-27,CLX,buy,D,159.96
2020-01-27,CMCSA,buy,D,44.0
2020-01-27,CRM,buy,F,180.71
2020-01-27,DDD,sell,L,11.08
2020-01-27,DIS,buy,D,135.9
2020-01-27,EPR,buy,L,72.08
2020-01-27,HPQ,buy,L,21.58
2020-01-27,IMAX,sell,L,17.21
2020-01-27,KMI,positive,L,21.29
2020-01-27,LVS,negative,D,63.27
2020-01-27,MKC,buy,D,172.71
2020-01-27,MMM,negative,D,175.63
2020-01-27,MRNA,buy,D,22.74
2020-01-27,NAVI,negative,L,14.77
2020-01-27,NFLX,buy,D,342.88
2020-01-27,NTCO,buy,L,22.3
2020-01-27,OMI,buy,D,6.58
2020-01-27,SBUX,negative,D,88.73
2020-01-27,TMO,buy,D,330.96
2020-01-27,WFC,negative,L,47.1
2020-01-27,WYNN,negative,D,123.89
2020-01-27,YUMC,negative,D,41.92
2020-01-27,ZNGA,buy,L,5.93
2020-01-28,AAPL,buy,D,317.69
2020-01-28,ADPT,negative,L,31.09
2020-01-28,AYX,buy,L,139.41
2020-01-28,DFS,sell,L,75.23
2020-01-28,DHR,buy,L,163.76
2020-01-28,F,negative,D,8.97
2020-01-28,GM,negative,D,33.64
2020-01-28,IRBT,sell,L,54.14
2020-01-28,MSG,negative,F,297.62
2020-01-28,PAYC,buy,L,318.59
2020-01-28,SBUX,buy,D,88.6
2020-01-28,TMO,buy,L,333.26
2020-01-28,TSLA,buy,F,566.9
2020-01-28,UTX,buy,F,152.86
2020-01-29,AAPL,buy,F,324.34
2020-01-29,AMD,buy,D,47.51
2020-01-29,AMRN,buy,L,19.31
2020-01-29,BA,positive,D,322.02
2020-01-29,CVS,buy,L,70.55
2020-01-29,GE,buy,D,12.94
2020-01-29,LYB,buy,L,83.85
2020-01-29,MCD,buy,D,214.44
2020-01-29,PENN,buy,I,29.02
2020-01-29,RAD,sell,L,11.99
2020-01-29,ROKU,positive,D,128.88
2020-01-29,SBUX,buy,D,86.72
2020-01-29,SFM,sell,L,15.71
2020-01-29,SHOP,buy,D,471.67
2020-01-29,SLAB,sell,L,102.76
2020-01-29,SYK,buy,I,210.68
2020-01-29,T,buy,L,37.05
2020-01-29,TWTR,negative,L,33.63
2020-01-30,ABBV,buy,F,81.78
2020-01-30,BMY,buy,F,63.81
2020-01-30,CLH,buy,L,85.38
2020-01-30,COST,buy,L,309.47
2020-01-30,D,negative,L,86.48
2020-01-30,FB,negative,D,209.53
2020-01-30,IBTX,buy,I,54.22
2020-01-30,JWN,sell,L,38.67
2020-01-30,MDLZ,buy,D,58.8
2020-01-30,MSFT,buy,D,172.78
2020-01-30,NFLX,positive,D,347.74
2020-01-30,REGI,positive,L,26.0
2020-01-30,SO,negative,L,70.85
2020-01-30,TCBI,buy,I,55.42
2020-01-30,TSLA,buy,F,640.81
2020-01-30,UNH,buy,L,280.98
2020-01-30,UPS,positive,D,108.0
2020-01-30,VRTX,buy,L,230.31
2020-01-31,ABBV,buy,D,81.02
2020-01-31,BMY,buy,D,62.95
2020-01-31,CLX,buy,D,157.31
2020-01-31,DIS,negative,D,138.31
2020-01-31,EBAY,sell,L,33.56
2020-01-31,EL,negative,D,195.16
2020-01-31,EMR,positive,D,71.63
2020-01-31,GLDD,buy,L,10.47
2020-01-31,GM,negative,D,33.39
2020-01-31,GRUB,buy,D,54.15
2020-01-31,INSG,negative,L,6.71
2020-01-31,LK,sell,L,32.49
2020-01-31,MRK,positive,D,85.44
2020-01-31,PLAN,buy,L,57.59
2020-01-31,PTON,positive,L,32.36
2020-01-31,RCL,sell,D,117.08
2020-01-31,SJM,buy,D,103.61
2020-01-31,SQ,buy,D,74.69
2020-01-31,TSLA,buy,D,650.57
2020-01-31,XOM,sell,D,62.12
2020-01-31,YUMC,sell,D,43.07
2020-02-03,AAPL,buy,D,308.66
2020-02-03,ENPH,positive,L,32.92
2020-02-03,MS,buy,L,52.6
2020-02-03,MU,buy,L,53.78
2020-02-03,OKTA,buy,L,129.35
2020-02-03,RCEL,buy,L,9.13
2020-02-03,ROKU,buy,F,127.5
2020-02-03,SPG,buy,L,132.8
2020-02-03,STOR,sell,L,39.43
2020-02-03,TSLA,buy,F,780.0
2020-02-03,TTD,buy,F,274.02
2020-02-03,WING,buy,L,92.22
2020-02-03,XOM,sell,F,60.73
2020-02-03,ZM,buy,I,87.66
2020-02-04,ABBV,buy,L,84.36
2020-02-04,AIMT,negative,L,29.37
2020-02-04,CLX,buy,D,163.62
2020-02-04,CMG,buy,I,884.82
2020-02-04,CNC,buy,I,61.97
2020-02-04,CVM,buy,L,14.46
2020-02-04,CVS,positive,L,67.88
2020-02-04,FLWS,positive,L,15.73
2020-02-04,LMT,buy,L,430.78
2020-02-04,NKE,buy,D,101.38
2020-02-04,RL,buy,D,123.68
2020-02-04,SPCE,negative,L,19.69
2020-02-04,TDOC,buy,L,107.15
2020-02-04,TSLA,buy,D,887.06
2020-02-04,WYNN,buy,D,132.7
2020-02-05,BILL,buy,L,49.64
2020-02-05,BLDR,buy,L,26.1
2020-02-05,BOOT,buy,I,38.1
2020-02-05,BRK.B,buy,L,228.65
2020-02-05,CLX,buy,I,165.34
2020-02-05,CVS,buy,L,70.54
2020-02-05,IRDM,buy,L,28.41
2020-02-05,ORCL,negative,L,54.74
2020-02-05,TDOC,buy,I,107.06
2020-02-05,TSLA,buy,F,734.7
2020-02-05,TSN,buy,L,84.11
2020-02-05,WBA,sell,L,52.98
2020-02-06,CCI,buy,L,150.5
2020-02-06,CI,buy,I,211.86
2020-02-06,CLX,buy,D,165.07
2020-02-06,COP,positive,L,58.41
2020-02-06,EVRG,buy,F,71.32
2020-02-06,IRM,buy,L,31.93
2020-02-06,MKC,buy,I,162.12
2020-02-06,NIO,sell,L,4.08
2020-02-06,NUE,negative,L,49.05
2020-02-06,STM,buy,L,29.94
2020-02-06,TNDM,buy,L,75.0
2020-02-06,YUMC,negative,D,43.73
2020-02-07,ABMD,sell,L,186.91
2020-02-07,AGN,buy,D,197.05
2020-02-07,AMAT,positive,D,61.71
2020-02-07,CSCO,negative,D,47.97
2020-02-07,CSPR,sell,F,11.05
2020-02-07,CTL,sell,L,14.53
2020-02-07,CVS,buy,D,71.56
2020-02-07,DXCM,buy,D,240.22
2020-02-07,EW,buy,L,232.41
2020-02-07,EXPE,sell,D,110.09
2020-02-07,GE,buy,L,12.83
2020-02-07,GOLD,positive,D,18.19
2020-02-07,GTN,positive,L,21.44
2020-02-07,HAS,negative,D,99.74
2020-02-07,KHC,negative,D,29.54
2020-02-07,LYFT,buy,D,49.92
2020-02-07,NVDA,buy,D,251.59
2020-02-07,PEP,buy,D,145.37
2020-02-07,PINS,buy,F,25.2
2020-02-07,QSR,negative,D,63.86
2020-02-07,SHOP,buy,D,478.69
2020-02-07,SYNA,buy,I,84.53
2020-02-07,TMHC,buy,I,26.2
2020-02-07,TSLA,buy,L,748.07
2020-02-07,UAA,negative,D,20.25
2020-02-07,UBER,buy,F,40.63
2020-02-07,VVNT,sell,L,14.16
2020-02-07,WEN,buy,D,21.94
2020-02-07,WM,negative,D,123.91
2020-02-07,XPO,buy,D,93.21
2020-02-10,ADBE,buy,D,370.0
2020-02-10,AMD,buy,D,52.26
2020-02-10,AYX,buy,D,142.94
2020-02-10,BP,sell,F,36.19
2020-02-10,BUD,positive,L,74.59
2020-02-10,CPE,sell,L,2.81
2020-02-10,CVX,sell,F,109.79
2020-02-10,GNRC,buy,L,109.3
2020-02-10,MSA,buy,L,140.2
2020-02-10,MSFT,buy,D,188.7
2020-02-10,NEWR,sell,D,61.07
2020-02-10,NOW,buy,D,342.77
2020-02-10,NVDA,buy,D,262.97
2020-02-10,OKTA,buy,D,135.76
2020-02-10,OLLI,negative,L,48.94
2020-02-10,RTN,buy,L,230.57
2020-02-10,STZ,buy,L,200.07
2020-02-10,TTWO,buy,I,111.0
2020-02-10,UBER,buy,F,40.01
2020-02-10,WDAY,buy,D,194.86
2020-02-10,XOM,sell,F,59.96
2020-02-10,YUM,negative,L,102.87
2020-02-11,A,buy,L,85.09
2020-02-11,AMKR,positive,L,13.24
2020-02-11,CAT,positive,D,136.19
2020-02-11,CCL,sell,L,42.95
2020-02-11,CLX,negative,D,164.76
2020-02-11,COLM,buy,I,90.44
2020-02-11,CRL,buy,I,173.32
2020-02-11,FB,buy,L,207.19
2020-02-11,MAR,positive,D,147.19
2020-02-11,NLY,sell,L,9.99
2020-02-11,PPG,positive,D,121.95
2020-02-11,RCL,positive,D,113.06
2020-02-11,SPG,positive,F,142.08
2020-02-11,VMW,buy,L,156.19
2020-02-11,WYNN,positive,D,131.99
2020-02-12,BABA,buy,L,224.31
2020-02-12,COLM,buy,D,91.71
2020-02-12,CRSP,positive,L,57.75
2020-02-12,CSPR,sell,F,10.39
2020-02-12,DBD,sell,L,8.89
2020-02-12,EPD,sell,L,26.5
2020-02-12,GOOS,negative,F,32.36
2020-02-12,IQ,sell,L,27.07
2020-02-12,JD,sell,L,41.64
2020-02-12,SHOP,buy,I,531.25
2020-02-12,SIG,buy,I,26.93
2020-02-12,SPCE,sell,L,23.08
2020-02-12,T,buy,L,38.04
2020-02-13,ALGN,negative,L,272.97
2020-02-13,CAT,sell,D,139.72
2020-02-13,CDLX,negative,F,93.07
2020-02-13,CSCO,negative,D,47.32
2020-02-13,LCII,sell,L,114.62
2020-02-13,OLLI,buy,F,54.35
2020-02-13,OMF,sell,L,46.99
2020-02-13,PEP,buy,F,146.47
2020-02-13,RING,buy,I,23.26
2020-02-13,SHOP,buy,D,532.97
2020-02-13,TSLA,buy,D,804.0
2020-02-13,VEEV,buy,L,153.95
2020-02-13,XOM,sell,L,60.93
2020-02-14,ABBV,buy,L,94.05
2020-02-14,ADI,buy,D,117.65
2020-02-14,AEP,buy,D,103.76
2020-02-14,AYX,buy,D,158.0
2020-02-14,BABA,buy,L,219.63
2020-02-14,BB,sell,L,5.83
2020-02-14,BHC,buy,D,27.74
2020-02-14,BMY,buy,L,66.38
2020-02-14,CL,buy,F,76.69
2020-02-14,D,buy,I,87.46
2020-02-14,DPZ,positive,D,291.6
2020-02-14,ED,buy,D,94.3
2020-02-14,ELAN,buy,D,30.98
2020-02-14,ET,sell,D,12.72
2020-02-14,GILD,sell,L,67.56
2020-02-14,HD,buy,L,245.03
2020-02-14,INMD,buy,L,43.96
2020-02-14,KEY,buy,L,19.73
2020-02-14,MAT,buy,I,13.95
2020-02-14,MDT,buy,D,117.33
2020-02-14,MSFT,buy,D,185.35
2020-02-14,NCLH,sell,D,52.46
2020-02-14,NVDA,buy,D,289.79
2020-02-14,PXD,sell,D,139.23
2020-02-14,RNG,buy,D,242.39
2020-02-14,SEDG,positive,L,111.21
2020-02-14,VIAC,buy,D,34.98
2020-02-14,VTR,positive,D,59.75
2020-02-14,WMT,buy,D,117.89
2020-02-14,ZS,buy,D,62.11
2020-02-18,AAPL,positive,D,319.0
2020-02-18,CC,sell,L,18.56
2020-02-18,CHMI,sell,L,16.09
2020-02-18,CLX,buy,F,164.82
2020-02-18,DD,buy,L,53.44
2020-02-18,EMR,negative,D,71.44
2020-02-18,ERIC,sell,L,8.99
2020-02-18,GILD,buy,F,67.01
2020-02-18,LDOS,buy,L,123.22
2020-02-18,LPSN,buy,I,32.64
2020-02-18,NET,buy,I,17.5
2020-02-18,SNE,buy,L,66.64
2020-02-18,TDOC,buy,F,117.24
2020-02-18,TSLA,positive,D,858.4
2020-02-18,WMT,positive,D,119.63
2020-02-18,ZM,buy,F,96.39
2020-02-19,ANET,negative,L,225.02
2020-02-19,AXP,buy,D,136.93
2020-02-19,BRO,buy,L,48.46
2020-02-19,ENPH,negative,D,57.22
2020-02-19,EVBG,buy,I,104.21
2020-02-19,FRPT,buy,L,76.43
2020-02-19,LRCX,buy,L,333.85
2020-02-19,MA,buy,D,344.56
2020-02-19,PLUG,negative,D,5.72
2020-02-19,PYPL,buy,D,123.91
2020-02-19,SDC,sell,L,12.37
2020-02-19,SEDG,buy,D,127.82
2020-02-19,SPCE,negative,D,37.35
2020-02-19,SQ,buy,D,85.24
2020-02-19,TSLA,positive,D,917.42
2020-02-19,V,buy,D,213.31
2020-02-19,WING,buy,I,98.75
2020-02-20,DPZ,buy,I,373.16
2020-02-20,FNV,negative,L,116.16
2020-02-20,GM,sell,L,35.29
2020-02-20,GOLD,buy,L,20.77
2020-02-20,I,negative,L,4.54
2020-02-20,MS,buy,D,53.75
2020-02-20,NCLH,sell,D,48.51
2020-02-20,OKTA,buy,L,138.55
2020-02-20,PG,negative,D,126.58
2020-02-20,VIAC,sell,D,29.29
2020-02-20,VRTX,buy,F,245.1
2020-02-21,ACM,negative,L,51.92
2020-02-21,BBY,buy,D,90.26
2020-02-21,CREE,sell,L,47.39
2020-02-21,CRM,buy,D,189.5
2020-02-21,DELL,buy,D,51.72
2020-02-21,EPR,buy,L,68.23
2020-02-21,ETSY,buy,D,53.7
2020-02-21,FB,positive,D,210.18
2020-02-21,FL,sell,D,38.84
2020-02-21,HD,buy,D,245.34
2020-02-21,HPQ,positive,D,22.7
2020-02-21,M,sell,D,16.23
2020-02-21,MAR,sell,D,143.24
2020-02-21,NLOK,buy,F,20.47
2020-02-21,PFPT,buy,I,123.9
2020-02-21,PINS,buy,D,22.48
2020-02-21,RIG,sell,L,4.16
2020-02-21,ROKU,buy,L,119.38
2020-02-21,SNAP,buy,D,16.7
2020-02-21,SPCE,sell,D,33.87
2020-02-21,SQ,positive,D,83.49
2020-02-21,TJX,buy,D,63.31
2020-02-21,TOL,buy,D,47.84
2020-02-21,TTD,buy,D,301.9
2020-02-21,TWTR,positive,D,38.31
2020-02-21,VTR,buy,L,62.99
2020-02-21,W,sell,D,80.14
2020-02-21,WDAY,buy,D,183.86
2020-02-24,AAPL,positive,D,298.18
2020-02-24,AEP,buy,L,100.04
2020-02-24,CBRL,buy,L,166.03
2020-02-24,D,buy,D,89.8
2020-02-24,DLX,buy,I,38.49
2020-02-24,ED,buy,D,88.89
2020-02-24,FIVN,buy,I,72.29
2020-02-24,GILD,buy,D,72.9
2020-02-24,GLD,buy,D,156.09
2020-02-24,GOLD,buy,D,22.03
2020-02-24,IBM,positive,L,146.43
2020-02-24,JNJ,buy,D,145.91
2020-02-24,KL,positive,D,36.8
2020-02-24,KO,buy,D,58.65
2020-02-24,MDLZ,buy,D,57.74
2020-02-24,PCG,sell,L,17.25
2020-02-24,STMP,sell,L,155.58
2020-02-24,TXRH,buy,L,68.67
2020-02-25,AAXN,buy,L,79.51
2020-02-25,AEP,buy,D,98.17
2020-02-25,AMCR,buy,L,9.67
2020-02-25,ATVI,negative,D,59.51
2020-02-25,CAT,sell,F,129.0
2020-02-25,CRM,buy,I,181.27
2020-02-25,D,buy,D,87.79
2020-02-25,ESPR,negative,L,59.91
2020-02-25,ET,sell,L,11.22
2020-02-25,GILD,buy,D,70.1
2020-02-25,INSG,negative,L,7.68
2020-02-25,INTC,sell,F,59.73
2020-02-25,MA,buy,I,302.89
2020-02-25,MRNA,buy,D,23.76
2020-02-25,MTCH,sell,L,67.75
2020-02-25,WEX,buy,I,207.34
2020-02-25,ZM,buy,D,107.08
2020-02-27,ADBE,buy,D,337.52
2020-02-27,BA,positive,L,287.76
2020-02-27,CATM,negative,L,37.01
2020-02-27,ETSY,buy,I,57.92
2020-02-27,LUV,negative,F,46.63
2020-02-27,MCK,sell,L,147.71
2020-02-27,MRNA,buy,D,26.16
2020-02-27,NVDA,buy,D,252.6
2020-02-27,RING,buy,D,23.15
2020-02-27,SHOP,buy,D,438.37
2020-02-27,SQ,buy,D,79.31
2020-02-27,TDOC,buy,D,135.15
2020-02-27,TTD,buy,I,250.01
2020-02-27,WDAY,buy,I,171.2
2020-02-27,XLNX,negative,L,79.49
2020-02-27,ZM,buy,D,113.55
2020-02-28,ABT,buy,D,77.03
2020-02-28,AIMT,negative,L,23.81
2020-02-28,AMD,buy,D,45.48
2020-02-28,BAX,positive,L,83.47
2020-02-28,BRK.B,buy,L,206.34
2020-02-28,CLH,buy,I,69.52
2020-02-28,COST,buy,D,281.14
2020-02-28,CPB,buy,D,45.12
2020-02-28,CVX,sell,D,93.34
2020-02-28,DLTR,buy,D,83.03
2020-02-28,GOLD,buy,D,19.04
2020-02-28,HASI,buy,I,33.95
2020-02-28,KO,buy,D,53.49
2020-02-28,KSS,negative,D,39.15
2020-02-28,MIC,positive,L,39.25
2020-02-28,MRNA,buy,D,25.93
2020-02-28,OKTA,buy,D,128.06
2020-02-28,PSN,buy,L,39.09
2020-02-28,ROST,buy,D,108.78
2020-02-28,SDGR,buy,L,46.38
2020-02-28,SHOP,buy,D,463.31
2020-02-28,SPLK,buy,D,147.33
2020-02-28,T,buy,D,35.22
2020-02-28,TDOC,buy,D,124.96
2020-02-28,TEAM,buy,I,144.96
2020-02-28,VZ,buy,D,54.16
2020-02-28,XOM,sell,D,51.44
2020-02-28,ZM,buy,D,105.0
2020-03-02,BYND,buy,I,96.1
2020-03-02,CAT,negative,D,127.6
2020-03-02,CHWY,buy,L,28.93
2020-03-02,CSCO,negative,D,41.17
2020-03-02,CVX,sell,D,96.59
2020-03-02,DOCU,buy,L,87.96
2020-03-02,DOW,sell,D,41.42
2020-03-02,IBM,negative,D,134.3
2020-03-02,MMM,negative,D,153.02
2020-03-02,OXY,sell,L,32.95
2020-03-02,PEGA,buy,I,90.44
2020-03-02,PENN,negative,L,28.22
2020-03-02,PFE,buy,D,34.88
2020-03-02,SIRI,buy,L,6.55
2020-03-02,TSN,negative,L,70.54
2020-03-02,TWTR,buy,F,35.82
2020-03-02,VZ,buy,D,57.32
2020-03-02,WBA,negative,D,48.11
2020-03-02,WM,buy,L,117.03
2020-03-02,XOM,sell,D,53.88
2020-03-03,ABBV,buy,D,87.57
2020-03-03,ALB,negative,L,82.79
2020-03-03,AMRN,buy,L,15.54
2020-03-03,BLL,buy,L,76.15
2020-03-03,CVX,positive,I,94.39
2020-03-03,EPD,negative,L,24.02
2020-03-03,EXAS,negative,L,71.61
2020-03-03,GBT,buy,L,61.29
2020-03-03,GLD,buy,D,153.89
2020-03-03,GOLD,buy,D,20.62
2020-03-03,LVGO,buy,I,24.29
2020-03-03,MDT,buy,D,100.4
2020-03-03,NFLX,buy,D,368.77
2020-03-03,ZM,buy,D,117.47
2020-03-04,AMT,buy,L,251.66
2020-03-04,BABA,buy,L,211.96
2020-03-04,DLTR,buy,I,78.91
2020-03-04,ETN,buy,L,98.12
2020-03-04,GOLD,buy,I,20.55
2020-03-04,INO,negative,L,8.03
2020-03-04,JD,sell,L,43.91
2020-03-04,LK,negative,L,40.73
2020-03-04,SBUX,buy,L,79.67
2020-03-04,ZEN,buy,I,73.23
2020-03-05,AEP,buy,I,98.79
2020-03-05,BURL,buy,D,218.46
2020-03-05,CVS,buy,D,64.36
2020-03-05,DG,buy,D,157.48
2020-03-05,DLTR,positive,D,77.99
2020-03-05,DQ,sell,L,61.67
2020-03-05,FNV,buy,L,120.61
2020-03-05,GNRC,buy,I,116.51
2020-03-05,KR,positive,D,33.47
2020-03-05,KSS,negative,D,34.14
2020-03-05,M,negative,D,11.58
2020-03-05,MSCI,buy,L,300.89
2020-03-05,NOW,buy,L,329.33
2020-03-05,NTNX,negative,L,21.64
2020-03-05,SGMO,buy,I,8.53
2020-03-05,SWAV,buy,L,39.7
2020-03-05,UTX,negative,L,126.44
2020-03-05,WBA,negative,D,48.78
2020-03-05,WMT,buy,D,115.92
2020-03-09,AAPL,positive,D,266.17
2020-03-09,AXP,sell,D,98.29
2020-03-09,BA,sell,D,227.17
2020-03-09,BUD,sell,L,48.3
2020-03-09,CAT,negative,D,104.07
2020-03-09,CGC,sell,L,13.22
2020-03-09,CSCO,negative,D,37.96
2020-03-09,CVX,sell,D,81.53
2020-03-09,CY,sell,L,15.28
2020-03-09,DOW,sell,D,34.31
2020-03-09,IRM,buy,L,29.55
2020-03-09,KO,buy,D,52.23
2020-03-09,MMM,negative,D,144.06
2020-03-09,OXY,sell,F,12.51
2020-03-09,SCI,buy,L,49.59
2020-03-09,STMP,sell,L,115.02
2020-03-09,TSLA,buy,D,608.0
2020-03-09,XOM,sell,D,41.86
2020-03-10,ABBV,buy,D,87.53
2020-03-10,ADBE,buy,D,332.38
2020-03-10,AEP,buy,D,94.72
2020-03-10,AIMT,buy,L,19.37
2020-03-10,AMD,positive,D,45.38
2020-03-10,D,buy,D,83.22
2020-03-10,DXCM,buy,I,279.18
2020-03-10,ET,sell,L,7.63
2020-03-10,GS,buy,D,184.35
2020-03-10,HD,buy,D,225.7
2020-03-10,IBM,positive,D,124.77
2020-03-10,INTC,sell,D,53.98
2020-03-10,JNJ,buy,D,141.64
2020-03-10,MCD,sell,D,199.86
2020-03-10,MRK,negative,D,82.02
2020-03-10,MSFT,buy,D,160.92
2020-03-10,NKE,sell,D,88.3
2020-03-10,NLOK,buy,L,17.94
2020-03-10,NOW,buy,D,312.8
2020-03-10,NVDA,buy,D,261.08
2020-03-10,UBER,negative,L,28.97
2020-03-10,YPF,sell,L,6.08
2020-03-11,AMN,buy,L,68.34
2020-03-11,BP,sell,L,24.66
2020-03-11,COUP,positive,L,120.87
2020-03-11,DIS,negative,D,105.51
2020-03-11,OKE,negative,L,35.94
2020-03-11,PFE,buy,D,32.17
2020-03-11,PG,negative,D,111.59
2020-03-11,SDGR,buy,F,35.52
2020-03-11,SSNC,buy,I,46.06
2020-03-11,TRV,sell,D,112.6
2020-03-11,UNH,positive,D,277.78
2020-03-11,UTX,sell,D,107.51
2020-03-11,V,negative,D,172.95
2020-03-11,VZ,buy,D,54.83
2020-03-11,WBA,sell,D,46.07
2020-03-11,WMT,negative,D,114.43
2020-03-11,ZTS,buy,L,130.27
2020-03-12,ABBV,buy,D,78.61
2020-03-12,CDLX,negative,L,43.48
2020-03-12,D,buy,D,71.51
2020-03-12,QCOM,buy,D,67.02
2020-03-12,T,negative,D,31.94
2020-03-12,TTD,buy,L,192.65
2020-03-12,TWLO,negative,L,78.34
2020-03-12,UPS,buy,D,86.17
2020-03-12,VZ,buy,D,51.2
2020-03-12,WFC,buy,D,29.65
2020-03-12,YEXT,buy,I,11.88
2020-03-16,ALL,sell,L,84.98
2020-03-16,CTRE,sell,L,10.02
2020-03-16,CVS,positive,I,54.24
2020-03-16,DOW,positive,I,22.0
2020-03-16,IAC,buy,L,149.75
2020-03-16,INO,buy,L,6.13
2020-03-16,ORAN,sell,L,10.25
2020-03-16,SHOP,buy,L,322.29
2020-03-16,TMO,positive,I,279.35
2020-03-16,VZ,buy,L,50.99
2020-03-16,WM,buy,L,99.89
2020-03-17,AA,sell,L,7.0
2020-03-17,FB,buy,I,149.42
2020-03-17,NUE,buy,L,30.99
2020-03-17,REGN,buy,I,491.69
2020-03-17,SQ,buy,L,44.73
2020-03-18,AEP,buy,L,88.28
2020-03-18,BX,positive,L,40.76
2020-03-18,D,buy,L,80.26
2020-03-18,DRI,sell,F,34.16
2020-03-18,EAT,sell,F,7.62
2020-03-18,ED,buy,L,92.2
2020-03-18,HRL,buy,I,48.27
2020-03-18,IDA,negative,L,91.91
2020-03-18,LOGI,buy,I,37.96
2020-03-18,LRN,sell,L,16.55
2020-03-18,LUV,buy,L,35.15
2020-03-18,PFG,buy,L,27.21
2020-03-18,SBUX,buy,I,56.33
2020-03-18,UBER,negative,L,14.82
2020-03-18,ZM,buy,L,118.71
2020-03-19,COST,buy,D,305.22
2020-03-19,CRWD,buy,D,41.74
2020-03-19,DOCU,buy,D,75.88
2020-03-19,DXCM,buy,L,206.24
2020-03-19,EPD,sell,L,14.52
2020-03-19,HRL,buy,L,47.22
2020-03-19,INMD,buy,L,17.83
2020-03-19,NFLX,buy,D,332.03
2020-03-19,OKTA,buy,D,113.95
2020-03-19,QCOM,buy,D,65.0
2020-03-19,SNAP,buy,L,9.47
2020-03-19,TNDM,positive,L,51.31
2020-03-19,TWTR,buy,L,24.13
2020-03-19,USFD,negative,L,12.67
2020-03-19,VMW,buy,I,100.19
2020-03-19,VZ,buy,I,53.62
2020-03-19,WMT,buy,D,119.45
2020-03-19,ZM,buy,D,123.77
2020-03-19,ZS,buy,I,51.81
2020-03-20,ABT,buy,L,68.0
2020-03-20,AMN,buy,I,62.75
2020-03-20,CODX,sell,L,10.45
2020-03-20,CRWD,buy,I,49.01
2020-03-20,LULU,negative,D,165.01
2020-03-20,MU,negative,D,36.11
2020-03-20,NKE,negative,D,67.45
2020-03-20,NLY,sell,L,5.31
2020-03-20,PAYX,negative,D,51.97
2020-03-20,ROK,buy,L,126.79
2020-03-20,STZ,negative,L,119.7
2020-03-20,TACO,negative,L,2.62
2020-03-24,DAL,sell,L,26.89
2020-03-24,DIN,negative,L,25.13
2020-03-24,IRM,buy,L,24.0
2020-03-24,JNJ,buy,L,119.18
2020-03-24,LB,sell,L,12.75
2020-03-24,OMI,buy,L,5.74
2020-03-24,SWKS,buy,I,87.29
2020-03-24,WSM,positive,L,42.49
2020-03-25,AAPL,buy,D,245.52
2020-03-25,CLX,buy,L,165.66
2020-03-25,CRWD,buy,D,55.78
2020-03-25,D,buy,L,67.34
2020-03-25,ICE,buy,L,74.52
2020-03-25,JNJ,buy,D,119.4
2020-03-25,MDT,buy,L,86.82
2020-03-25,NKE,buy,D,79.01
2020-03-25,PAYX,buy,I,60.08
2020-03-25,TDOC,buy,D,142.11
2020-03-25,WDC,buy,I,41.63
2020-03-25,ZM,buy,D,138.11
2020-03-26,ADBE,buy,D,322.67
2020-03-26,BABA,buy,D,195.32
2020-03-26,BB,sell,L,3.93
2020-03-26,CAKE,negative,D,19.66
2020-03-26,CRWD,buy,D,58.64
2020-03-26,F,negative,D,5.25
2020-03-26,FB,buy,D,163.34
2020-03-26,INO,positive,L,7.15
2020-03-26,ISRG,buy,L,501.47
2020-03-26,M,negative,D,5.94
2020-03-26,MRK,buy,L,73.53
2020-03-26,MRVL,buy,D,23.18
2020-03-26,MSFT,buy,D,156.11
2020-03-26,MU,buy,D,44.79
2020-03-26,NOW,buy,D,294.73
2020-03-26,NVDA,buy,D,257.24
2020-03-26,PENN,positive,L,13.26
2020-03-26,PFE,buy,L,31.75
2020-03-26,QCOM,buy,D,68.98
2020-03-26,SPG,negative,L,62.1
2020-03-26,VEEV,buy,I,147.09
2020-03-26,WDC,buy,D,44.29
2020-03-26,ZM,buy,D,141.15
2020-03-27,CHWY,buy,D,36.16
2020-03-27,CVS,buy,D,58.6
2020-03-27,EPD,negative,D,13.95
2020-03-27,IP,buy,L,30.62
2020-03-27,KMX,negative,D,58.93
2020-03-27,LMT,buy,L,348.38
2020-03-27,LYV,sell,L,47.15
2020-03-27,MKC,buy,D,132.29
2020-03-27,MU,buy,I,43.48
2020-03-27,OMI,buy,I,5.51
2020-03-27,PVH,positive,D,38.0
2020-03-27,REGN,buy,D,449.52
2020-03-27,RH,negative,D,110.93
2020-03-27,SNY,buy,I,42.44
2020-03-27,SQ,negative,L,53.34
2020-03-27,STZ,negative,D,144.88
2020-03-27,UNFI,buy,L,8.41
2020-03-27,WBA,sell,D,44.0
2020-03-30,ABT,buy,I,79.34
2020-03-30,AMD,buy,D,47.86
2020-03-30,CZR,sell,L,6.42
2020-03-30,GD,sell,L,133.6
2020-03-30,HPQ,buy,L,17.84
2020-03-30,HSIC,sell,L,52.09
2020-03-30,LHX,buy,L,181.96
2020-03-30,LOGI,buy,D,43.58
2020-03-30,MSFT,buy,F,160.23
2020-03-30,MTN,sell,L,148.96
2020-03-30,MU,buy,D,44.52
2020-03-30,NET,buy,I,23.89
2020-03-30,NVDA,buy,D,265.59
2020-03-30,OMC,buy,L,54.92
2020-03-30,SAP,buy,I,112.9
2020-03-30,TLRY,sell,L,6.61
2020-03-30,XRX,sell,L,17.95
2020-03-30,ZM,buy,D,150.88
2020-03-31,ABT,buy,D,78.91
2020-03-31,AEP,buy,D,79.98
2020-03-31,AGCO,buy,I,47.25
2020-03-31,BA,positive,D,149.14
2020-03-31,CAG,buy,I,29.34
2020-03-31,COST,positive,D,285.13
2020-03-31,D,buy,D,72.19
2020-03-31,DIS,positive,D,96.6
2020-03-31,ED,buy,D,78.0
2020-03-31,JNJ,buy,D,131.13
2020-03-31,NUE,negative,L,36.02
2020-03-31,PANW,buy,I,163.96
2020-03-31,PLNT,negative,L,48.7
2020-03-31,PTON,positive,L,26.55
2020-03-31,SEDG,positive,L,81.88
2020-03-31,SO,buy,D,54.14
2020-03-31,TDOC,buy,D,155.01
2020-03-31,TJX,positive,D,47.81
2020-03-31,ZM,buy,D,146.12
2020-04-01,APA,sell,L,4.02
2020-04-01,CHWY,buy,L,35.98
2020-04-01,CSCO,buy,I,38.33
2020-04-01,CTXS,buy,D,139.14
2020-04-01,CVX,positive,L,68.56
2020-04-01,DLR,buy,D,134.48
2020-04-01,DNKN,sell,L,51.25
2020-04-01,FHN,buy,L,7.43
2020-04-01,GILD,buy,D,72.51
2020-04-01,IDXX,positive,L,230.66
2020-04-01,MRO,sell,L,3.12
2020-04-01,NCLH,sell,D,9.55
2020-04-01,NE,sell,D,0.22
2020-04-01,NFLX,buy,D,364.08
2020-04-01,PG,buy,L,109.33
2020-04-01,PVH,buy,I,32.63
2020-04-01,RCL,sell,D,25.77
2020-04-01,REGN,buy,D,496.65
2020-04-01,RMD,buy,I,142.29
2020-04-01,SPCE,positive,L,13.3
2020-04-01,TSLA,buy,L,481.56
2020-04-02,ABBV,buy,L,75.13
2020-04-02,CMG,buy,I,630.16
2020-04-02,DPZ,buy,L,333.45
2020-04-02,GE,buy,I,6.9
2020-04-02,KMI,sell,L,13.45
2020-04-02,MKC,buy,D,145.21
2020-04-02,OKTA,buy,I,115.99
2020-04-02,PEP,buy,D,123.86
2020-04-02,RNG,buy,I,220.03
2020-04-02,ZM,buy,D,121.93
2020-04-03,ABBV,negative,D,73.37
2020-04-03,AYX,buy,L,81.74
2020-04-03,DAL,sell,L,22.48
2020-04-03,JNJ,negative,D,134.17
2020-04-03,KO,negative,D,43.83
2020-04-03,LEVI,negative,D,9.51
2020-04-03,MKC,buy,D,146.88
2020-04-03,MRVL,buy,L,22.43
2020-04-03,NOK,sell,L,2.97
2020-04-03,NVTA,sell,L,12.62
2020-04-03,O,sell,L,43.6
2020-04-03,OKTA,buy,L,118.94
2020-04-03,RTN,negative,D,116.96
2020-04-03,STZ,buy,I,132.17
2020-04-03,SWCH,buy,L,14.56
2020-04-03,WDFC,negative,D,170.51
2020-04-03,ZBRA,buy,I,178.08
2020-04-06,ARE,buy,D,137.68
2020-04-06,BIP,sell,L,37.47
2020-04-06,CAG,buy,D,31.3
2020-04-06,CCI,buy,D,148.75
2020-04-06,CHWY,buy,D,33.22
2020-04-06,CMG,buy,D,689.99
2020-04-06,COR,buy,D,115.89
2020-04-06,DGX,negative,L,78.69
2020-04-06,DPZ,buy,D,338.52
2020-04-06,EQIX,buy,D,652.22
2020-04-06,GIS,buy,D,57.7
2020-04-06,HRL,buy,D,48.55
2020-04-06,NRZ,sell,L,3.43
2020-04-06,PEP,buy,D,131.16
2020-04-06,PRU,sell,L,49.14
2020-04-06,STWD,sell,L,10.67
2020-04-06,STZ,buy,D,142.26
2020-04-06,TMUS,buy,D,86.09
2020-04-06,VZ,buy,D,56.7
2020-04-06,WDC,buy,D,43.31
2020-04-06,ZM,buy,I,122.94
2020-04-07,BA,buy,L,141.58
2020-04-07,BYD,sell,L,12.68
2020-04-07,CAT,buy,L,121.92
2020-04-07,CBRL,buy,L,77.17
2020-04-07,ENPH,buy,L,35.04
2020-04-07,FLR,sell,L,6.75
2020-04-07,HXL,sell,L,34.01
2020-04-07,IBM,positive,L,114.94
2020-04-07,PENN,buy,L,11.03
2020-04-07,PLAY,sell,L,11.99
2020-04-07,PLD,buy,I,80.95
2020-04-08,AAPL,buy,D,266.07
2020-04-08,AVGO,buy,D,261.1
2020-04-08,BHVN,buy,I,33.75
2020-04-08,BMY,buy,L,58.25
2020-04-08,CAT,buy,L,127.4
2020-04-08,COST,buy,D,305.97
2020-04-08,CRM,buy,I,151.12
2020-04-08,DPZ,buy,D,343.83
2020-04-08,DRI,buy,D,63.57
2020-04-08,EAT,negative,L,14.71
2020-04-08,EL,buy,D,165.73
2020-04-08,FDX,buy,D,125.54
2020-04-08,LPLA,buy,L,54.45
2020-04-08,LYFT,positive,L,29.64
2020-04-08,NAT,negative,L,3.5
2020-04-08,NKE,buy,D,85.3
2020-04-08,NVDA,buy,D,266.95
2020-04-08,OLLI,buy,D,53.25
2020-04-08,PRGO,buy,I,48.85
2020-04-08,SWKS,buy,D,93.0
2020-04-08,TGT,buy,D,104.63
2020-04-08,TJX,buy,D,49.11
2020-04-08,UBER,buy,L,26.94
2020-04-08,UPS,buy,D,98.79
2020-04-08,USCR,negative,L,18.0
2020-04-08,VRTX,buy,L,249.66
2020-04-08,WING,buy,D,96.42
2020-04-08,WMT,buy,D,121.84
2020-04-08,YELP,positive,L,21.64
2020-04-09,ABT,buy,D,86.04
2020-04-09,APA,sell,L,8.2
2020-04-09,BAC,buy,D,24.86
2020-04-09,BOX,buy,I,15.43
2020-04-09,C,buy,D,47.41
2020-04-09,CALA,buy,L,6.26
2020-04-09,COF,positive,L,60.11
2020-04-09,CVX,buy,L,84.31
2020-04-09,DOMO,buy,I,11.72
2020-04-09,EOG,positive,L,44.82
2020-04-09,FANG,positive,L,34.86
2020-04-09,GPMT,sell,L,5.62
2020-04-09,GS,buy,D,184.26
2020-04-09,ISRG,negative,D,503.79
2020-04-09,JNJ,negative,D,141.23
2020-04-09,JPM,buy,D,102.76
2020-04-09,PII,buy,L,56.0
2020-04-09,PLUG,sell,L,3.82
2020-04-09,SLB,sell,D,16.47
2020-04-09,SYK,sell,L,182.72
2020-04-09,TSLA,buy,L,573.0
2020-04-09,WFC,buy,D,33.2
2020-04-09,XOM,sell,L,43.13
2020-04-13,ABT,buy,F,85.85
2020-04-13,BFAM,sell,L,116.59
2020-04-13,BPMC,positive,L,63.91
2020-04-13,DIN,sell,L,32.9
2020-04-13,EPD,negative,L,16.73
2020-04-13,IRM,positive,L,26.24
2020-04-13,LEVI,buy,I,13.83
2020-04-13,MGM,sell,L,13.91
2020-04-13,PENN,buy,L,14.08
2020-04-13,RTX,buy,L,61.83
2020-04-13,SBUX,buy,L,71.76
2020-04-13,TRGP,sell,L,8.55
2020-04-14,AA,sell,L,7.72
2020-04-14,CCL,sell,L,12.51
2020-04-14,GSK,buy,I,40.38
2020-04-14,LHX,positive,D,197.0
2020-04-14,LMT,positive,D,380.03
2020-04-14,LVGO,buy,L,37.45
2020-04-14,NOC,negative,D,348.79
2020-04-14,OKE,negative,L,30.47
2020-04-14,PINS,positive,L,17.24
2020-04-14,RTX,buy,D,65.07
2020-04-14,SPWR,sell,L,6.67
2020-04-14,TSLA,buy,L,709.89
2020-04-14,XRX,sell,L,19.0
2020-04-15,AMD,buy,D,54.99
2020-04-15,AMRN,negative,L,6.32
2020-04-15,AMT,buy,D,247.49
2020-04-15,ATVI,buy,D,65.71
2020-04-15,BABA,buy,D,208.17
2020-04-15,CLR,sell,L,10.49
2020-04-15,COST,buy,D,310.27
2020-04-15,CRWD,buy,D,61.82
2020-04-15,CVNA,buy,I,71.34
2020-04-15,DG,buy,D,176.11
2020-04-15,DPZ,buy,D,354.62
2020-04-15,JNJ,buy,D,147.66
2020-04-15,MKC,buy,D,152.56
2020-04-15,NCLH,sell,L,12.08
2020-04-15,NFLX,buy,D,426.75
2020-04-15,NVDA,buy,D,280.84
2020-04-15,OKTA,buy,D,142.47
2020-04-15,PE,positive,I,6.72
2020-04-15,PEP,buy,D,135.03
2020-04-15,PG,buy,D,121.22
2020-04-15,PLD,buy,D,86.54
2020-04-15,ROKU,buy,D,113.0
2020-04-15,STOR,sell,L,17.02
2020-04-15,STZ,buy,D,162.36
2020-04-15,TSLA,buy,D,729.83
2020-04-15,TSM,positive,L,49.66
2020-04-15,WDAY,positive,L,146.07
2020-04-15,YEXT,buy,L,11.84
2020-04-15,ZS,buy,D,69.96
2020-04-16,A,buy,I,78.75
2020-04-16,CB,buy,I,111.95
2020-04-16,DAL,negative,L,22.78
2020-04-16,DY,buy,L,25.88
2020-04-16,EMR,buy,L,47.37
2020-04-16,FANG,sell,L,28.03
2020-04-16,MS,positive,D,38.36
2020-04-16,NUE,negative,L,35.51
2020-04-16,TSLA,buy,D,745.21
2020-04-16,WFC,sell,D,26.89
2020-04-20,BUD,sell,L,44.59
2020-04-20,CLX,buy,L,192.43
2020-04-20,CMG,buy,L,808.73
2020-04-20,DEAC,sell,L,17.57
2020-04-20,IBM,buy,I,120.41
2020-04-20,RVLV,negative,L,11.94
2020-04-20,SHOP,positive,D,629.9
2020-04-20,STZ,buy,L,156.62
2020-04-20,WGO,buy,L,35.01
2020-04-21,AAL,negative,D,11.0
2020-04-21,ABT,buy,L,94.05
2020-04-21,AVGO,buy,L,247.65
2020-04-21,BA,positive,D,136.33
2020-04-21,BBBY,negative,L,4.53
2020-04-21,CCL,sell,D,11.84
2020-04-21,DDOG,buy,L,40.0
2020-04-21,DOV,positive,L,84.51
2020-04-21,DOW,negative,L,30.88
2020-04-21,F,negative,D,4.77
2020-04-21,GE,positive,D,6.48
2020-04-21,INO,buy,D,9.9
2020-04-21,INSG,buy,I,11.31
2020-04-21,LH,positive,L,148.18
2020-04-21,MSFT,buy,D,167.82
2020-04-21,NMFC,sell,L,6.94
2020-04-21,PLAY,sell,L,11.57
2020-04-21,TSLA,buy,D,686.72
2020-04-21,TTWO,buy,L,125.73
2020-04-21,WWE,sell,L,39.53
2020-04-22,BRO,negative,L,35.7
2020-04-22,CB,buy,L,106.22
2020-04-22,CMG,buy,D,882.26
2020-04-22,COST,buy,D,309.42
2020-04-22,DLR,buy,I,149.18
2020-04-22,HD,buy,D,204.17
2020-04-22,LOW,buy,D,94.95
2020-04-22,MKTX,buy,I,424.24
2020-04-22,NFLX,buy,D,421.42
2020-04-22,ROKU,buy,L,122.19
2020-04-22,SNAP,buy,D,17.01
2020-04-22,TGT,buy,D,106.84
2020-04-22,TROW,buy,L,100.63
2020-04-22,TXN,buy,D,111.98
2020-04-22,UAL,positive,L,25.88
2020-04-22,WMT,buy,D,131.59
2020-04-23,BLDR,sell,L,13.96
2020-04-23,CCI,buy,L,160.55
2020-04-23,CLX,buy,D,189.92
2020-04-23,DG,buy,D,176.5
2020-04-23,DOW,sell,L,32.56
2020-04-23,DPZ,buy,I,369.64
2020-04-23,HD,buy,D,202.32
2020-04-23,IBM,positive,D,121.35
2020-04-23,INO,buy,I,12.03
2020-04-23,KMB,buy,D,140.36
2020-04-23,LULU,buy,L,211.64
2020-04-23,MRVL,buy,L,26.42
2020-04-23,NFLX,buy,D,426.7
2020-04-23,RTX,buy,L,63.29
2020-04-23,TGT,buy,D,103.86
2020-04-23,UNH,buy,F,285.33
2020-04-23,UNP,positive,D,152.29
2020-04-23,WMT,buy,D,128.53
2020-04-23,ZM,buy,D,169.09
2020-04-24,AAPL,buy,D,282.97
2020-04-24,AMD,buy,D,56.18
2020-04-24,CARR,sell,L,16.25
2020-04-24,CAT,negative,D,114.04
2020-04-24,CL,buy,D,71.4
2020-04-24,CLX,buy,D,190.65
2020-04-24,EL,positive,D,166.31
2020-04-24,FB,negative,D,190.07
2020-04-24,GE,negative,D,6.26
2020-04-24,GILD,negative,D,79.64
2020-04-24,HD,buy,L,212.18
2020-04-24,HON,negative,D,135.52
2020-04-24,INFO,buy,L,65.6
2020-04-24,KHC,positive,D,29.23
2020-04-24,MMM,negative,D,147.0
2020-04-24,MRK,positive,D,81.43
2020-04-24,MSFT,buy,D,174.55
2020-04-24,NAT,buy,I,5.85
2020-04-24,NET,negative,L,23.28
2020-04-24,NXPI,positive,D,94.43
2020-04-24,PENN,buy,L,14.1
2020-04-24,PEP,buy,D,134.36
2020-04-24,PFE,positive,D,37.38
2020-04-24,RSG,negative,L,76.1
2020-04-24,SBUX,positive,D,75.58
2020-04-24,SHW,buy,L,506.06
2020-04-24,SIX,sell,L,16.0
2020-04-24,SWK,negative,L,107.74
2020-04-24,TGT,positive,D,107.82
2020-04-24,WM,buy,L,98.48
2020-04-27,AAPL,buy,D,283.17
2020-04-27,ABT,buy,D,94.95
2020-04-27,ADM,sell,L,36.54
2020-04-27,AMT,buy,D,250.22
2020-04-27,ATVI,buy,D,67.06
2020-04-27,BCRX,negative,L,3.55
2020-04-27,BYND,buy,D,99.63
2020-04-27,CAG,buy,D,34.6
2020-04-27,CHWY,buy,D,46.18
2020-04-27,CLX,buy,D,189.05
2020-04-27,CMG,buy,D,883.07
2020-04-27,CNC,buy,D,70.82
2020-04-27,COST,buy,D,308.78
2020-04-27,CTXS,buy,D,147.48
2020-04-27,D,buy,D,78.52
2020-04-27,DPZ,buy,D,362.03
2020-04-27,EQIX,buy,D,702.0
2020-04-27,GOLD,buy,D,26.93
2020-04-27,GPS,sell,D,7.79
2020-04-27,HBI,negative,D,9.18
2020-04-27,HD,buy,D,217.76
2020-04-27,INMD,negative,L,24.06
2020-04-27,INO,buy,D,13.7
2020-04-27,JNJ,buy,D,154.29
2020-04-27,JWN,sell,D,20.27
2020-04-27,KMB,buy,D,140.36
2020-04-27,KSS,sell,D,18.6
2020-04-27,LB,sell,D,11.5
2020-04-27,LOGI,buy,D,48.1
2020-04-27,LYV,sell,D,42.01
2020-04-27,MDT,buy,L,100.76
2020-04-27,MGM,sell,D,15.23
2020-04-27,MKC,buy,D,156.87
2020-04-27,MKTX,buy,D,441.59
2020-04-27,NAT,buy,L,7.2
2020-04-27,NFLX,buy,D,421.38
2020-04-27,NVDA,buy,D,297.08
2020-04-27,PEP,buy,D,134.46
2020-04-27,PVH,negative,D,47.64
2020-04-27,ROKU,buy,D,128.63
2020-04-27,SAM,buy,D,457.1
2020-04-27,SHOP,buy,D,628.58
2020-04-27,SPG,buy,D,57.19
2020-04-27,SQ,buy,D,63.55
2020-04-27,STNG,buy,L,26.64
2020-04-27,TPR,sell,D,15.05
2020-04-27,TTWO,buy,D,125.93
2020-04-27,VZ,buy,D,57.81
2020-04-27,WORK,buy,L,27.31
2020-04-27,WYNN,positive,D,82.77
2020-04-27,ZM,buy,D,164.6
2020-04-27,ZS,buy,D,70.47
2020-04-28,AAL,sell,L,11.26
2020-04-28,CHE,sell,L,437.16
2020-04-28,CNC,buy,I,67.17
2020-04-28,DHI,positive,D,46.93
2020-04-28,DT,buy,L,28.49
2020-04-28,GM,negative,L,22.18
2020-04-28,HCAT,negative,L,25.4
2020-04-28,HP,sell,L,18.98
2020-04-28,NUE,buy,I,40.49
2020-04-28,PRU,negative,L,60.65
2020-04-28,SPR,negative,L,20.5
2020-04-28,VEEV,buy,L,182.74
2020-04-28,WEN,buy,F,19.79
2020-04-29,ADP,buy,I,145.84
2020-04-29,AMD,buy,D,53.66
2020-04-29,BA,positive,D,139.0
2020-04-29,BP,sell,L,25.43
2020-04-29,CERS,positive,L,6.14
2020-04-29,CPB,buy,I,50.18
2020-04-29,CVX,positive,L,94.62
2020-04-29,GE,negative,D,6.58
2020-04-29,GILD,buy,D,83.14
2020-04-29,RH,buy,L,154.82
2020-04-29,SBUX,positive,D,76.86
2020-04-29,TJX,buy,L,51.54
2020-04-29,WRK,positive,L,34.15
2020-04-29,YUM,buy,I,87.46
2020-04-30,AAPL,buy,D,293.8
2020-04-30,ALGN,buy,I,214.85
2020-04-30,CBRL,buy,L,97.4
2020-04-30,COST,buy,L,303.0
2020-04-30,EXEL,buy,L,24.7
2020-04-30,FNV,positive,L,132.21
2020-04-30,GILD,positive,D,84.0
2020-04-30,HD,buy,L,219.83
2020-04-30,JNPR,buy,I,21.6
2020-04-30,PLCE,sell,L,29.56
2020-04-30,RDS.A,sell,L,33.13
2020-04-30,REYN,buy,F,32.43
2020-04-30,RTX,buy,L,64.81
2020-04-30,TGT,buy,L,109.74
2020-04-30,UPS,buy,L,94.66
2020-04-30,WMT,buy,L,121.55
2020-05-01,AAPL,buy,D,289.07
2020-05-01,AMD,buy,D,49.88
2020-05-01,BX,negative,L,50.42
2020-05-01,CIM,sell,L,7.69
2020-05-01,CLX,buy,I,192.71
2020-05-01,CPRT,positive,L,78.55
2020-05-01,CVS,buy,D,59.7
2020-05-01,DIS,negative,D,105.5
2020-05-01,EL,buy,I,172.54
2020-05-01,ERI,sell,L,18.84
2020-05-01,FBHS,buy,L,51.5
2020-05-01,FND,sell,L,41.93
2020-05-01,GM,sell,D,20.9
2020-05-01,MRNA,buy,D,47.93
2020-05-01,OXY,sell,D,15.24
2020-05-01,REGN,buy,D,525.5
2020-05-01,SGEN,buy,I,145.64
2020-05-01,SHAK,negative,L,51.7
2020-05-01,SHOP,buy,D,613.64
2020-05-01,SPCE,positive,L,17.92
2020-05-01,SWKS,buy,D,98.83
2020-05-01,TSN,negative,D,60.01
2020-05-01,TWLO,negative,L,107.98
2020-05-01,VTR,negative,D,30.33
2020-05-01,WM,negative,D,98.21
2020-05-04,AMD,buy,L,52.56
2020-05-04,ARE,buy,I,149.58
2020-05-04,AXP,sell,L,86.38
2020-05-04,BABA,buy,L,191.15
2020-05-04,BIDU,negative,L,94.76
2020-05-04,EBS,buy,I,79.5
2020-05-04,INTC,negative,L,57.99
2020-05-04,MA,buy,L,269.26
2020-05-04,MDP,sell,L,12.87
2020-05-04,NOK,sell,L,3.55
2020-05-04,RUBI,negative,L,6.4
2020-05-04,SPWR,negative,L,7.12
2020-05-04,SWKS,buy,L,99.62
2020-05-04,TSLA,buy,L,761.19
2020-05-04,TSN,sell,D,55.32
2020-05-04,TTD,buy,L,290.52
2020-05-04,V,positive,L,176.15
2020-05-04,WY,sell,D,17.78
2020-05-04,ZM,buy,D,143.44
2020-05-05,AAPL,buy,D,297.56
2020-05-05,ABBV,positive,D,85.37
2020-05-05,ATVI,buy,D,68.53
2020-05-05,CHGG,buy,I,57.92
2020-05-05,CSGP,sell,L,641.17
2020-05-05,CVNA,buy,L,86.0
2020-05-05,CVX,positive,D,92.89
2020-05-05,DIS,negative,D,101.06
2020-05-05,DXCM,buy,L,364.28
2020-05-05,EVBG,buy,I,112.86
2020-05-05,JPM,buy,L,92.0
2020-05-05,LPLA,sell,L,62.17
2020-05-05,MA,buy,L,273.98
2020-05-05,MASI,buy,I,234.0
2020-05-05,REGN,buy,D,574.37
2020-05-05,STNG,sell,L,21.25
2020-05-05,SWKS,buy,D,104.71
2020-05-05,TNDM,positive,L,84.79
2020-05-06,APA,sell,L,11.61
2020-05-06,BYND,buy,I,126.21
2020-05-06,CRWD,buy,L,72.44
2020-05-06,CVS,buy,I,60.41
2020-05-06,CWH,positive,L,10.39
2020-05-06,FB,buy,F,208.47
2020-05-06,GD,positive,L,121.73
2020-05-06,HAS,positive,D,65.89
2020-05-06,LRCX,negative,L,244.56
2020-05-06,MAT,negative,I,8.49
2020-05-06,NYT,positive,D,34.81
2020-05-06,OKTA,buy,L,164.43
2020-05-06,PINS,sell,D,17.72
2020-05-06,SNAP,sell,D,17.33
2020-05-06,TWTR,sell,D,27.68
2020-05-06,UNFI,sell,L,10.78
2020-05-06,WGO,positive,L,44.69
2020-05-06,WM,positive,I,96.8
2020-05-07,BYND,buy,F,122.66
2020-05-07,CTSO,buy,L,10.36
2020-05-07,EPR,sell,L,25.62
2020-05-07,ETSY,buy,I,76.59
2020-05-07,MRNA,buy,D,53.19
2020-05-07,OMC,buy,L,53.63
2020-05-07,SQ,buy,I,74.62
2020-05-07,WFC,sell,L,25.23
2020-05-11,AEP,buy,I,79.17
2020-05-11,BYND,buy,D,130.82
2020-05-11,CERS,buy,L,5.46
2020-05-11,CMG,buy,D,933.93
2020-05-11,COST,buy,D,310.33
2020-05-11,COUP,buy,D,209.31
2020-05-11,CSCO,positive,L,43.32
2020-05-11,DPZ,buy,D,377.49
2020-05-11,DXCM,buy,D,421.36
2020-05-11,EVBG,buy,D,155.1
2020-05-11,HMSY,buy,L,28.49
2020-05-11,LPSN,buy,I,34.67
2020-05-11,LVGO,buy,D,53.59
2020-05-11,MASI,buy,D,250.39
2020-05-11,MRNA,buy,D,66.9
2020-05-11,MRTX,buy,L,105.59
2020-05-11,NET,buy,D,28.12
2020-05-11,PTON,buy,D,42.8
2020-05-11,SQ,buy,D,74.9
2020-05-11,TGT,buy,D,120.18
2020-05-11,UBER,positive,L,31.64
2020-05-11,UPWK,buy,I,10.51
2020-05-11,VRTX,buy,L,285.28
2020-05-11,WMT,buy,D,123.67
2020-05-11,WRK,sell,L,25.97
2020-05-12,BAK,sell,L,7.11
2020-05-12,CMG,buy,D,929.85
2020-05-12,COST,buy,D,304.84
2020-05-12,DLPH,sell,L,11.44
2020-05-12,DOW,negative,L,33.79
2020-05-12,DPZ,buy,D,377.94
2020-05-12,FVRR,sell,L,54.56
2020-05-12,HD,buy,D,232.9
2020-05-12,INSG,positive,L,10.62
2020-05-12,LOGI,buy,I,51.86
2020-05-12,LOW,buy,D,111.24
2020-05-12,NVAX,buy,I,39.82
2020-05-12,SPT,positive,L,22.61
2020-05-12,TGT,buy,D,119.39
2020-05-12,UBER,positive,D,32.4
2020-05-12,VTIQ,sell,L,27.1
2020-05-12,VTR,sell,L,27.76
2020-05-12,WMT,buy,D,123.78
2020-05-12,YEXT,buy,L,14.07
2020-05-13,AMD,buy,D,52.18
2020-05-13,CSCO,buy,I,41.95
2020-05-13,CVX,positive,D,88.7
2020-05-13,ETN,sell,L,73.87
2020-05-13,HPE,sell,L,9.08
2020-05-13,HPQ,positive,L,14.06
2020-05-13,JNJ,positive,D,147.13
2020-05-13,KEY,negative,L,9.66
2020-05-13,NVAX,negative,D,40.67
2020-05-13,NVDA,buy,D,311.2
2020-05-13,PEG,buy,I,44.96
2020-05-13,PFE,positive,D,37.05
2020-05-13,PYPL,positive,D,143.73
2020-05-13,QCOM,buy,D,78.0
2020-05-13,RVLV,buy,L,14.64
2020-05-13,SHOP,buy,L,754.38
2020-05-13,WFC,negative,D,22.53
2020-05-14,ABBV,buy,L,89.94
2020-05-14,AYX,buy,I,125.5
2020-05-14,BABA,buy,L,201.3
2020-05-14,BMY,buy,L,63.77
2020-05-14,CDLX,buy,L,51.5
2020-05-14,CMG,buy,D,932.18
2020-05-14,COST,buy,D,299.74
2020-05-14,CSCO,buy,L,43.85
2020-05-14,DPZ,buy,D,376.01
2020-05-14,ELY,buy,L,11.5
2020-05-14,HALO,sell,L,23.78
2020-05-14,MCD,buy,D,175.41
2020-05-14,MELI,buy,L,777.27
2020-05-14,MLM,negative,L,169.01
2020-05-14,PLNT,buy,I,51.01
2020-05-14,SPGI,buy,I,300.12
2020-05-14,SPOT,buy,L,152.07
2020-05-14,TGT,buy,D,119.94
2020-05-14,UI,negative,L,173.57
2020-05-14,WING,buy,D,121.91
2020-05-14,WMT,buy,D,123.42
2020-05-15,AVYA,buy,L,13.2
2020-05-15,BABA,negative,D,203.68
2020-05-15,BBY,positive,D,78.61
2020-05-15,BYND,buy,D,134.16
2020-05-15,CAT,sell,L,107.92
2020-05-15,CYBR,buy,L,95.54
2020-05-15,DE,negative,D,126.01
2020-05-15,DKNG,buy,I,29.23
2020-05-15,EURN,sell,L,9.81
2020-05-15,FEYE,negative,L,11.33
2020-05-15,FL,sell,D,25.42
2020-05-15,FTNT,buy,L,143.43
2020-05-15,HD,buy,D,239.33
2020-05-15,INO,buy,L,13.43
2020-05-15,J,sell,L,72.11
2020-05-15,KSS,sell,D,17.54
2020-05-15,LOW,buy,D,113.78
2020-05-15,MDT,positive,D,93.89
2020-05-15,SHOP,buy,D,767.0
2020-05-15,SPG,negative,L,51.32
2020-05-15,SPLK,buy,D,156.19
2020-05-15,TGT,buy,D,120.94
2020-05-15,TJX,positive,D,47.17
2020-05-15,TSLA,buy,D,799.17
2020-05-15,TTWO,buy,D,132.54
2020-05-15,WIX,buy,I,201.78
2020-05-15,WMT,buy,D,125.94
2020-05-18,AVYA,buy,I,13.87
2020-05-18,CVX,buy,L,92.55
2020-05-18,DENN,buy,I,10.11
2020-05-18,ET,sell,L,7.81
2020-05-18,MA,negative,L,289.9
2020-05-18,MRNA,positive,D,80.0
2020-05-18,PAG,buy,L,33.65
2020-05-18,QRVO,positive,L,99.04
2020-05-18,RNG,buy,L,263.06
2020-05-18,SGEN,buy,L,158.95
2020-05-18,VIRT,buy,L,22.61
2020-05-18,XOM,negative,L,45.34
2020-05-19,AAPL,buy,D,313.14
2020-05-19,APTV,sell,L,70.0
2020-05-19,ATHX,buy,L,2.98
2020-05-19,CACC,sell,L,343.36
2020-05-19,DBX,buy,L,21.75
2020-05-19,DIS,positive,L,114.37
2020-05-19,DOMO,buy,L,24.17
2020-05-19,ESTC,negative,L,73.91
2020-05-19,FB,buy,D,216.88
2020-05-19,FIVN,buy,I,103.8
2020-05-19,MGM,negative,L,15.16
2020-05-19,NFLX,buy,D,451.04
2020-05-19,PING,buy,I,24.45
2020-05-19,PLAY,sell,L,11.22
2020-05-19,VTR,sell,L,32.43
2020-05-19,WMT,positive,D,124.95
2020-05-19,WYNN,buy,L,82.03
2020-05-20,AAPL,buy,D,319.23
2020-05-20,BBBY,negative,L,5.95
2020-05-20,BGS,negative,L,22.34
2020-05-20,BOX,sell,L,17.84
2020-05-20,CTXS,buy,L,137.44
2020-05-20,DBX,buy,L,22.23
2020-05-20,DLR,buy,L,132.75
2020-05-20,FB,buy,D,229.97
2020-05-20,GWPH,buy,L,124.91
2020-05-20,LOW,buy,I,116.99
2020-05-20,MDLZ,buy,I,49.75
2020-05-20,NFLX,buy,D,447.67
2020-05-20,PXD,negative,L,92.43
2020-05-20,TEL,buy,L,78.35
2020-05-20,VZ,buy,I,54.26
2020-05-21,ARWR,positive,L,35.84
2020-05-21,F,sell,L,5.63
2020-05-21,MED,buy,L,92.72
2020-05-21,MRNA,positive,D,67.05
2020-05-21,PANW,buy,I,229.5
2020-05-21,SNE,buy,L,62.74
2020-05-21,TGT,buy,I,118.68
2020-05-21,TSLA,buy,L,827.6
2020-05-21,TTWO,buy,I,138.19
2020-05-21,TXT,negative,L,26.95
2020-05-26,BDX,negative,D,233.14
2020-05-26,BYND,buy,L,132.87
2020-05-26,CGC,positive,L,20.01
2020-05-26,CTVA,buy,I,25.64
2020-05-26,CZR,negative,L,11.39
2020-05-26,DDOG,buy,D,71.0
2020-05-26,INTU,buy,I,282.2
2020-05-26,KMB,negative,D,136.0
2020-05-26,NLOK,positive,L,19.87
2020-05-26,NWL,sell,L,13.55
2020-05-26,PANW,buy,D,231.17
2020-05-26,PENN,buy,L,29.29
2020-05-26,PSTG,buy,L,16.85
2020-05-26,ROKU,negative,D,107.59
2020-05-26,SDGR,buy,L,69.06
2020-05-26,SNAP,negative,D,17.41
2020-05-26,SPLK,buy,D,181.15
2020-05-26,TGT,buy,D,115.12
2020-05-26,WIX,buy,D,209.76
2020-05-27,AAPL,buy,D,318.11
2020-05-27,AL,buy,I,30.4
2020-05-27,BABA,buy,L,201.18
2020-05-27,C,positive,L,52.26
2020-05-27,CHGG,buy,L,60.74
2020-05-27,COTY,sell,L,4.51
2020-05-27,CVNA,buy,L,96.14
2020-05-27,CWH,buy,L,21.6
2020-05-27,FB,buy,D,229.14
2020-05-27,GOOD,sell,L,18.2
2020-05-27,GSX,sell,L,29.77
2020-05-27,HPQ,buy,I,17.12
2020-05-27,LUV,buy,F,33.66
2020-05-27,NFLX,buy,D,419.89
2020-05-27,PG,buy,L,113.89
2020-05-27,SWCH,positive,L,18.85
2020-05-27,THO,negative,L,88.0
2020-05-27,TTWO,buy,F,134.52
2020-05-27,WDAY,buy,I,170.38
2020-05-27,WGO,buy,L,58.55
2020-05-27,WM,buy,L,104.3
2020-05-27,WORK,buy,L,32.11
2020-05-27,ZNGA,buy,L,7.99
2020-05-28,AMD,buy,L,51.74
2020-05-28,AMGN,buy,L,224.13
2020-05-28,ARMK,sell,L,26.8
2020-05-28,BMY,buy,L,59.81
2020-05-28,BURL,positive,D,213.42
2020-05-28,CRM,buy,I,181.1
2020-05-28,DG,positive,D,184.11
2020-05-28,GE,positive,L,6.78
2020-05-28,INTC,sell,L,61.7
2020-05-28,MRK,buy,L,79.04
2020-05-28,NGVT,negative,L,53.54
2020-05-28,OXM,sell,L,44.49
2020-05-28,PVH,buy,L,49.56
2020-05-28,PYPL,buy,I,148.79
2020-05-28,SPTN,buy,L,20.68
2020-05-28,TEVA,sell,L,12.92
2020-05-28,ZBRA,buy,I,257.42
2020-05-29,AVGO,buy,D,291.27
2020-05-29,BUD,negative,L,46.88
2020-05-29,CAL,sell,L,7.17
2020-05-29,CGNX,buy,L,56.74
2020-05-29,CPB,positive,D,50.98
2020-05-29,CRWD,buy,D,87.81
2020-05-29,CVX,buy,L,91.7
2020-05-29,DKNG,buy,L,39.7
2020-05-29,DOCU,buy,D,139.74
2020-05-29,ELF,buy,I,17.14
2020-05-29,FRO,sell,L,9.13
2020-05-29,FSLY,buy,I,43.14
2020-05-29,GPS,sell,D,8.9
2020-05-29,HTGC,negative,L,11.14
2020-05-29,NBL,negative,L,8.73
2020-05-29,NIO,sell,L,3.98
2020-05-29,SJM,positive,D,113.93
2020-05-29,STZ,buy,L,172.7
2020-05-29,TSLA,buy,L,835.0
2020-05-29,WORK,buy,D,35.05
2020-05-29,ZM,buy,D,179.48
2020-05-29,ZS,buy,I,98.09
2020-06-01,AMD,buy,L,53.63
2020-06-01,CGEN,buy,L,15.32
2020-06-01,CIEN,buy,L,56.0
2020-06-01,CLDR,buy,L,10.96
2020-06-01,CLX,buy,L,204.21
2020-06-01,CRWD,buy,D,94.84
2020-06-01,DOCU,buy,D,147.22
2020-06-01,HOG,sell,L,22.73
2020-06-01,IBM,positive,D,124.89
2020-06-01,IP,sell,L,34.73
2020-06-01,LOW,positive,D,129.32
2020-06-01,NVDA,buy,L,352.25
2020-06-01,OKTA,buy,D,204.78
2020-06-01,ON,negative,L,16.78
2020-06-01,SBUX,positive,D,78.32
2020-06-01,TGT,positive,D,119.49
2020-06-01,ULTA,buy,I,239.09
2020-06-01,ZM,buy,D,204.15
2020-06-01,ZS,buy,D,109.98
2020-06-02,AAPL,buy,D,323.34
2020-06-02,ARCC,sell,L,15.44
2020-06-02,ARCT,buy,L,40.18
2020-06-02,AYX,buy,L,143.99
2020-06-02,BA,positive,D,153.31
2020-06-02,CAT,positive,D,123.32
2020-06-02,CVX,buy,D,94.69
2020-06-02,EOG,buy,D,54.81
2020-06-02,FANG,buy,D,45.61
2020-06-02,LYFT,negative,L,31.68
2020-06-02,MRVL,buy,I,34.61
2020-06-02,NKE,buy,D,100.74
2020-06-02,PE,buy,D,9.92
2020-06-02,PFPT,buy,I,117.18
2020-06-02,PXD,buy,D,96.16
2020-06-02,QCOM,buy,D,84.63
2020-06-02,QRVO,buy,D,109.68
2020-06-02,SBUX,buy,D,77.78
2020-06-02,SWKS,buy,D,123.77
2020-06-02,THO,positive,F,89.41
2020-06-02,UBS,sell,L,11.12
2020-06-02,WFC,buy,L,27.4
2020-06-02,WGO,positive,F,58.16
2020-06-03,AKAM,negative,L,103.01
2020-06-03,BA,buy,D,173.16
2020-06-03,BGS,buy,I,24.05
2020-06-03,CAT,buy,D,127.09
2020-06-03,CRWD,buy,I,98.1
2020-06-03,DKNG,negative,D,40.16
2020-06-03,EW,buy,L,74.73
2020-06-03,FLEX,buy,L,10.86
2020-06-03,MSFT,buy,L,185.36
2020-06-03,ORCL,negative,L,53.49
2020-06-03,ROKU,negative,L,103.96
2020-06-03,SPCE,sell,D,16.39
2020-06-03,SWK,positive,D,137.95
2020-06-03,VTIQ,sell,D,33.97
2020-06-03,ZM,buy,F,223.87
2020-06-04,BG,buy,L,41.3
2020-06-04,COST,buy,D,310.75
2020-06-04,FB,positive,D,226.29
2020-06-04,LK,sell,D,4.05
2020-06-04,M,positive,L,8.21
2020-06-04,NXPI,buy,L,109.55
2020-06-04,SHOP,buy,I,735.19
2020-06-04,SJM,buy,I,109.1
2020-06-04,VMW,buy,L,148.08
2020-06-08,AAL,negative,D,20.31
2020-06-08,AAPL,buy,D,333.46
2020-06-08,BHVN,buy,L,69.76
2020-06-08,CSCO,buy,D,48.13
2020-06-08,FB,buy,D,231.4
2020-06-08,FHN,buy,L,12.09
2020-06-08,HSBC,positive,L,26.67
2020-06-08,INTC,buy,D,63.67
2020-06-08,LITE,buy,L,78.15
2020-06-08,MSFT,buy,D,188.36
2020-06-08,NCLH,negative,D,26.86
2020-06-08,NVDA,buy,D,352.2
2020-06-08,PING,buy,L,29.87
2020-06-08,PYPL,buy,D,156.09
2020-06-08,SAN,buy,L,2.9
2020-06-08,SRNE,buy,I,4.72
2020-06-08,THO,buy,I,111.14
2020-06-08,TSLA,buy,D,949.92
2020-06-08,TTWO,buy,L,134.8
2020-06-08,ZNGA,negative,L,9.15
2020-06-09,AAPL,buy,D,343.99
2020-06-09,AAXN,buy,L,100.27
2020-06-09,AGEN,negative,L,3.77
2020-06-09,AMD,buy,D,56.39
2020-06-09,CHWY,buy,I,51.51
2020-06-09,DOCU,buy,I,141.92
2020-06-09,FB,buy,D,238.67
2020-06-09,GIII,buy,L,17.28
2020-06-09,GIS,buy,L,62.82
2020-06-09,HTZ,sell,F,4.18
2020-06-09,MAR,negative,L,107.32
2020-06-09,NVDA,buy,D,361.84
2020-06-09,PENN,buy,L,32.5
2020-06-09,SFIX,buy,I,23.55
2020-06-09,SGEN,buy,L,148.94
2020-06-09,TGNA,sell,L,12.34
2020-06-09,ZUO,buy,L,12.42
2020-06-10,CCL,sell,D,20.59
2020-06-10,CERS,buy,I,6.66
2020-06-10,CHGG,buy,D,58.84
2020-06-10,CRWD,buy,L,97.22
2020-06-10,CYBR,negative,L,103.61
2020-06-10,DAL,sell,D,31.64
2020-06-10,DOCU,buy,D,148.05
2020-06-10,JNJ,positive,D,147.8
2020-06-10,LVGO,buy,D,63.87
2020-06-10,NET,buy,L,29.4
2020-06-10,PII,buy,F,96.19
2020-06-10,RCL,sell,D,63.59
2020-06-10,TGI,buy,L,10.75
2020-06-10,TTWO,buy,L,137.31
2020-06-10,VAC,buy,I,94.59
2020-06-10,VIAV,buy,L,13.18
2020-06-10,WWE,negative,L,46.7
2020-06-10,ZM,buy,D,221.02
2020-06-11,AAPL,buy,D,335.9
2020-06-11,ADBE,buy,I,387.67
2020-06-11,AVGO,buy,D,293.75
2020-06-11,COST,buy,D,300.83
2020-06-11,HD,buy,D,239.47
2020-06-11,HHC,sell,L,56.9
2020-06-11,LDOS,negative,L,100.37
2020-06-11,LHX,buy,I,196.51
2020-06-11,PEP,buy,D,127.84
2020-06-11,PVH,buy,I,52.72
2020-06-11,RTX,buy,L,62.85
2020-06-11,SWBI,negative,L,17.27
2020-06-12,ADBE,buy,F,406.54
2020-06-12,AWR,buy,L,76.49
2020-06-12,AZN,buy,L,51.47
2020-06-12,BABA,buy,L,217.64
2020-06-12,CAH,sell,L,52.89
2020-06-12,CHGG,buy,F,56.9
2020-06-12,CNC,buy,I,61.94
2020-06-12,CRM,buy,F,175.11
2020-06-12,CVX,buy,L,92.39
2020-06-12,DXC,sell,L,16.27
2020-06-12,EOG,buy,L,52.57
2020-06-12,JBL,buy,D,30.8
2020-06-12,KMX,buy,D,89.98
2020-06-12,KR,negative,D,32.26
2020-06-12,LEN,positive,D,59.25
2020-06-12,PE,buy,L,10.93
2020-06-12,SNE,buy,L,68.29
2020-06-12,TSLA,buy,D,935.28
2020-06-12,VMW,buy,F,135.85
2020-06-12,XOM,negative,L,47.17
2020-06-12,ZUO,buy,I,12.42
2020-06-15,ACB,sell,L,13.25
2020-06-15,AMT,negative,L,262.49
2020-06-15,CGC,positive,L,16.75
2020-06-15,CPB,buy,I,48.38
2020-06-15,FCEL,sell,L,2.54
2020-06-15,HTZ,sell,F,1.88
2020-06-15,NEM,buy,I,56.85
2020-06-15,SPCE,sell,L,15.32
2020-06-15,SWKS,buy,L,127.24
2020-06-15,TRGP,sell,L,21.96
2020-06-16,AGI,sell,L,7.65
2020-06-16,CAT,negative,D,130.11
2020-06-16,CGC,positive,I,17.8
2020-06-16,COST,positive,F,301.36
2020-06-16,COTY,sell,L,5.04
2020-06-16,EL,buy,L,196.2
2020-06-16,ELY,buy,L,16.43
2020-06-16,ET,sell,L,8.25
2020-06-16,GOLD,buy,L,24.38
2020-06-16,MCD,buy,I,190.32
2020-06-16,MLM,positive,D,214.13
2020-06-16,NEM,buy,L,55.95
2020-06-16,NOK,buy,L,4.34
2020-06-16,NUE,buy,D,44.59
2020-06-16,PINS,buy,L,22.2
2020-06-16,USCR,negative,D,28.33
2020-06-16,VMC,negative,D,123.15
2020-06-16,YETI,buy,L,37.1
2020-06-17,BYND,buy,D,156.34
2020-06-17,CAG,buy,D,34.3
2020-06-17,CLX,buy,D,212.0
2020-06-17,CWH,buy,D,25.34
2020-06-17,DKNG,negative,L,40.72
2020-06-17,FUN,buy,L,34.59
2020-06-17,HD,buy,D,250.85
2020-06-17,LOW,buy,D,135.65
2020-06-17,MAS,buy,D,48.38
2020-06-17,NFLX,buy,D,447.77
2020-06-17,NVAX,negative,L,55.41
2020-06-17,NVDA,buy,L,369.44
2020-06-17,ORI,buy,L,16.51
2020-06-17,QDEL,negative,L,207.17
2020-06-17,RPRX,buy,F,48.61
2020-06-17,SIX,sell,L,23.59
2020-06-17,STM,buy,L,26.97
2020-06-17,SWK,buy,D,135.31
2020-06-17,THO,buy,D,114.03
2020-06-17,TTWO,buy,D,138.92
2020-06-17,UNP,buy,I,171.17
2020-06-18,AMC,buy,I,5.63
2020-06-18,CLX,buy,D,214.59
2020-06-18,CSGP,sell,L,701.18
2020-06-18,CVNA,buy,D,122.98
2020-06-18,GE,negative,L,7.28
2020-06-18,GS,buy,L,203.84
2020-06-18,GT,sell,L,8.6
2020-06-18,KMX,buy,D,97.91
2020-06-18,KR,buy,D,31.81
2020-06-18,MKC,buy,D,173.88
2020-06-18,NFLX,buy,D,449.87
2020-06-18,NUE,buy,D,43.52
2020-06-18,PANW,buy,D,230.33
2020-06-18,PRTS,negative,L,8.78
2020-06-18,PTON,buy,D,51.08
2020-06-18,PYPL,buy,D,168.05
2020-06-18,ROKU,buy,D,127.79
2020-06-18,SHOP,buy,D,863.56
2020-06-18,SQ,buy,D,98.27
2020-06-18,UPWK,buy,L,12.44
2020-06-18,VMW,buy,I,143.43
2020-06-18,WLK,buy,D,53.82
2020-06-18,Z,buy,L,61.34
2020-06-18,ZM,buy,D,241.57
2020-06-22,AAPL,buy,D,358.87
2020-06-22,ADBE,buy,D,438.64
2020-06-22,ATVI,buy,D,76.12
2020-06-22,BABA,buy,L,221.41
2020-06-22,CAT,negative,L,125.79
2020-06-22,CERS,buy,L,6.55
2020-06-22,CHKP,buy,I,106.51
2020-06-22,CLX,buy,D,216.9
2020-06-22,CPB,buy,D,49.81
2020-06-22,DIS,buy,D,115.92
2020-06-22,FCX,positive,D,10.79
2020-06-22,HD,buy,D,249.16
2020-06-22,NKE,positive,D,99.51
2020-06-22,NOW,buy,D,402.82
2020-06-22,REGN,buy,D,628.48
2020-06-22,RUN,sell,L,19.97
2020-06-22,SHOP,buy,D,904.81
2020-06-22,SPOT,buy,F,236.06
2020-06-22,TSLA,buy,L,994.32
2020-06-22,UNM,sell,L,16.41
2020-06-22,YNDX,buy,L,46.94
2020-06-22,ZM,buy,D,251.27
2020-06-23,AAPL,buy,D,366.53
2020-06-23,AGEN,negative,L,4.15
2020-06-23,ALK,positive,L,36.83
2020-06-23,AZN,buy,L,54.25
2020-06-23,ERI,sell,L,44.0
2020-06-23,HAL,sell,L,13.0
2020-06-23,INSG,buy,L,10.48
2020-06-23,LE,buy,I,9.4
2020-06-23,LUV,buy,L,34.75
2020-06-23,MRNA,positive,D,62.94
2020-06-23,PENN,buy,L,36.82
2020-06-23,SAVE,positive,D,18.78
2020-06-23,SNAP,positive,D,23.67
2020-06-23,TSM,buy,L,56.76
2020-06-24,AAPL,buy,D,360.06
2020-06-24,AAPL,buy,D,360.06
2020-06-24,DKNG,sell,F,37.56
2020-06-24,FB,buy,D,234.02
2020-06-24,GPRO,negative,D,4.64
2020-06-24,HRB,sell,L,14.86
2020-06-24,INTU,buy,L,286.13
2020-06-24,LUV,positive,D,32.25
2020-06-24,MGM,negative,D,16.93
2020-06-24,MRNA,negative,D,64.84
2020-06-24,MRO,negative,D,5.79
2020-06-24,MSFT,buy,D,197.84
2020-06-24,NCLH,negative,D,15.8
2020-06-24,NKLA,sell,F,74.19
2020-06-24,PE,positive,D,10.56
2020-06-24,PENN,positive,D,33.38
2020-06-24,RCL,negative,D,48.24
2020-06-24,SAVE,negative,D,16.92
2020-06-24,SNAP,negative,D,23.63
2020-06-24,TSLA,buy,D,960.85
2020-06-24,ULTA,buy,L,200.0
2020-06-24,VAC,buy,L,81.03
2020-06-24,ZI,buy,L,50.98
2020-06-25,AAL,negative,L,13.17
2020-06-25,AAPL,buy,D,364.84
2020-06-25,AMRS,buy,L,4.04
2020-06-25,BC,buy,I,63.97
2020-06-25,CLX,buy,D,214.92
2020-06-25,CRM,buy,I,188.34
2020-06-25,ETSY,buy,D,101.28
2020-06-25,GE,positive,L,6.68
2020-06-25,LUV,buy,L,32.97
2020-06-25,MKC,buy,D,178.54
2020-06-25,SHOP,buy,D,916.32
2020-06-25,WGO,buy,I,68.42
2020-06-25,YETI,buy,L,42.96
2020-06-25,ZM,buy,D,259.51
2020-06-25,ZS,buy,D,111.61
2020-06-29,AMD,buy,D,50.28
2020-06-29,BA,positive,D,194.49
2020-06-29,BX,sell,D,55.81
2020-06-29,CCI,buy,D,162.3
2020-06-29,CNC,buy,D,62.59
2020-06-29,COST,buy,D,301.59
2020-06-29,DFS,sell,L,49.32
2020-06-29,DG,buy,D,190.02
2020-06-29,FB,positive,D,220.64
2020-06-29,FSLY,buy,D,78.15
2020-06-29,GE,positive,D,6.8
2020-06-29,GPS,negative,L,12.51
2020-06-29,GSK,sell,D,40.75
2020-06-29,HON,buy,I,143.24
2020-06-29,INO,positive,L,31.69
2020-06-29,K,sell,D,65.08
2020-06-29,LMT,buy,L,367.5
2020-06-29,LUV,positive,D,35.04
2020-06-29,NEM,buy,D,59.54
2020-06-29,NKE,positive,D,95.87
2020-06-29,PYPL,buy,L,168.35
2020-06-29,QSR,buy,I,55.25
2020-06-29,SQ,buy,L,103.68
2020-06-29,TJX,buy,D,50.77
2020-06-29,UNH,buy,D,289.76
2020-06-29,UNP,buy,L,165.51
2020-06-29,VZ,buy,D,54.69
2020-06-29,WFC,negative,D,25.7
2020-06-29,WMK,positive,L,50.0
2020-06-29,WMT,buy,D,119.06
2020-06-30,AAPL,buy,D,364.8
2020-06-30,ADBE,buy,D,435.31
2020-06-30,BRK.B,positive,L,178.51
2020-06-30,BUD,sell,L,49.3
2020-06-30,BYND,buy,L,133.98
2020-06-30,CAG,buy,I,35.17
2020-06-30,CCI,buy,I,167.35
2020-06-30,ETSY,buy,D,106.23
2020-06-30,F,sell,L,6.08
2020-06-30,FSLY,buy,D,85.13
2020-06-30,INSG,positive,L,11.6
2020-06-30,LULU,buy,D,312.01
2020-06-30,MRVL,buy,L,35.06
2020-06-30,NFLX,buy,D,455.04
2020-06-30,NOK,buy,L,4.4
2020-06-30,NVDA,buy,D,379.91
2020-06-30,PEP,buy,L,132.26
2020-06-30,PYPL,buy,D,174.23
2020-06-30,REGN,buy,D,623.65
2020-06-30,SHOP,buy,D,949.2
2020-06-30,SIRI,buy,L,5.87
2020-06-30,STZ,positive,L,174.95
2020-06-30,SWKS,buy,L,127.86
2020-06-30,TWLO,buy,D,219.42
2020-06-30,VXRT,negative,L,8.85
2020-06-30,WIX,buy,D,256.22
2020-06-30,ZM,buy,D,253.54
2020-07-01,BLK,buy,L,544.32
2020-07-01,CALA,buy,L,5.24
2020-07-01,EVER,buy,L,59.51
2020-07-01,FB,buy,D,237.55
2020-07-01,FDX,buy,D,156.66
2020-07-01,GIS,buy,I,60.43
2020-07-01,MRNA,negative,L,61.59
2020-07-01,MRVL,negative,L,34.37
2020-07-01,MU,buy,L,49.7
2020-07-01,NIO,sell,D,7.91
2020-07-01,PFE,buy,D,33.74
2020-07-01,SHLL,sell,D,25.18
2020-07-01,STZ,buy,I,185.88
2020-07-01,WIX,buy,D,265.77
2020-07-01,WKHS,sell,D,19.18
2020-07-01,WSM,buy,I,84.82
2020-07-02,ACN,buy,F,215.72
2020-07-02,ADM,sell,L,39.56
2020-07-02,AGCO,buy,L,54.65
2020-07-02,AMT,sell,L,264.21
2020-07-02,ANGI,buy,L,13.43
2020-07-02,BBBY,negative,D,10.81
2020-07-02,CCI,buy,L,170.72
2020-07-02,GDOT,positive,L,49.53
2020-07-02,INO,sell,F,21.45
2020-07-02,LEVI,positive,D,13.35
2020-07-02,NVAX,sell,F,81.64
2020-07-02,PAYX,positive,D,76.59
2020-07-02,PYPL,buy,L,177.21
2020-07-02,SBUX,buy,L,73.78
2020-07-02,SQ,buy,L,113.39
2020-07-02,STWD,sell,L,14.5
2020-07-02,VRM,buy,L,54.3
2020-07-02,WBA,negative,D,41.98
2020-07-02,WPX,sell,L,6.08
2020-07-13,AAL,buy,D,11.63
2020-07-13,AMRC,buy,L,28.29
2020-07-13,BAC,positive,D,24.19
2020-07-13,BMY,buy,L,57.75
2020-07-13,C,negative,D,52.2
2020-07-13,CCI,buy,F,166.91
2020-07-13,DAL,negative,D,26.82
2020-07-13,DPZ,buy,D,401.38
2020-07-13,FHN,buy,D,8.9
2020-07-13,GS,buy,D,208.88
2020-07-13,GSK,sell,L,40.07
2020-07-13,JNJ,buy,D,145.21
2020-07-13,JPM,positive,D,97.65
2020-07-13,JWN,sell,L,15.35
2020-07-13,LVGO,buy,F,97.38
2020-07-13,MS,positive,D,50.22
2020-07-13,NFLX,buy,F,525.5
2020-07-13,RAD,sell,L,14.92
2020-07-13,TGT,buy,L,118.73
2020-07-13,UNH,positive,D,299.71
2020-07-13,WFC,negative,D,25.41
2020-07-13,WKHS,positive,L,15.44
2020-07-13,WMT,buy,L,129.52
2020-07-13,WWE,sell,L,44.48
2020-07-13,ZM,buy,L,260.3
2020-07-14,AAL,sell,D,11.57
2020-07-14,CB,positive,L,130.74
2020-07-14,CLX,positive,D,230.52
2020-07-14,COST,positive,D,328.0
2020-07-14,CYBR,buy,L,107.54
2020-07-14,D,buy,L,73.92
2020-07-14,EVRI,positive,D,5.47
2020-07-14,F,sell,D,6.36
2020-07-14,FB,negative,L,239.73
2020-07-14,GE,sell,D,6.88
2020-07-14,GPS,sell,L,11.15
2020-07-14,LVGO,buy,I,101.18
2020-07-14,MA,positive,D,298.95
2020-07-14,MKC,positive,D,189.42
2020-07-14,MRNA,positive,L,75.04
2020-07-14,NCNO,positive,D,91.59
2020-07-14,PAYX,buy,I,71.87
2020-07-14,PENN,buy,L,29.14
2020-07-14,SNAP,buy,L,23.74
2020-07-14,SRNE,negative,L,7.94
2020-07-14,VMW,buy,L,138.25
2020-07-14,WMT,positive,D,132.01
2020-07-15,AAL,negative,D,13.44
2020-07-15,BHVN,buy,I,76.39
2020-07-15,BSX,buy,L,36.7
2020-07-15,BYND,buy,L,131.75
2020-07-15,CRWD,positive,L,103.15
2020-07-15,DDOG,buy,L,88.48
2020-07-15,EW,buy,L,72.47
2020-07-15,GS,buy,F,216.9
2020-07-15,LMND,negative,F,74.17
2020-07-15,LVGO,buy,D,108.31
2020-07-15,MDT,buy,L,97.16
2020-07-15,PYPL,positive,D,172.06
2020-07-15,STNG,negative,L,12.99
2020-07-15,V,positive,D,196.55
2020-07-16,ABT,buy,D,96.4
2020-07-16,BA,positive,L,178.7
2020-07-16,CRM,buy,D,185.51
2020-07-16,CRWD,buy,L,101.06
2020-07-16,DPZ,buy,I,407.52
2020-07-16,FB,buy,D,240.93
2020-07-16,FEYE,negative,L,12.77
2020-07-16,GOLD,buy,I,26.69
2020-07-16,JNJ,buy,D,149.25
2020-07-16,KO,buy,L,46.15
2020-07-16,MS,buy,D,52.64
2020-07-16,NGVT,buy,L,57.95
2020-07-16,PANW,buy,L,237.38
2020-07-16,PEP,buy,D,133.88
2020-07-16,TDOC,negative,L,218.56
2020-07-16,WEX,buy,L,163.6
2020-07-16,ZS,buy,L,117.15
2020-07-17,AAL,negative,D,11.91
2020-07-17,ABT,buy,F,99.25
2020-07-17,AXP,negative,D,95.18
2020-07-17,AZN,buy,D,61.1
2020-07-17,BBY,buy,D,87.96
2020-07-17,BIG,positive,L,36.13
2020-07-17,CSX,buy,D,72.16
2020-07-17,CYBR,buy,I,109.08
2020-07-17,DE,buy,D,176.51
2020-07-17,DHR,buy,F,190.95
2020-07-17,DKNG,buy,L,35.36
2020-07-17,HD,buy,D,260.38
2020-07-17,HON,buy,F,155.0
2020-07-17,IIPR,buy,L,93.95
2020-07-17,INTC,negative,D,60.0
2020-07-17,JMIA,sell,L,7.63
2020-07-17,KO,negative,D,46.82
2020-07-17,LMT,buy,D,368.5
2020-07-17,LOW,buy,D,144.39
2020-07-17,LUV,buy,D,34.13
2020-07-17,MAS,buy,D,53.31
2020-07-17,MSFT,buy,D,202.88
2020-07-17,NTNX,buy,I,22.06
2020-07-17,PPG,buy,D,111.88
2020-07-17,SAM,buy,D,643.58
2020-07-17,SMG,buy,D,144.22
2020-07-17,SNAP,negative,D,24.54
2020-07-17,SWK,buy,D,153.36
2020-07-17,TER,buy,L,86.42
2020-07-17,TMO,buy,F,395.4
2020-07-17,TSCO,buy,D,140.77
2020-07-17,TXN,negative,D,133.89
2020-07-17,UNP,buy,D,181.25
2020-07-17,VMC,buy,D,124.95
2020-07-17,VZ,buy,D,56.3
2020-07-17,WM,buy,D,108.7
2020-07-20,BABA,buy,L,254.81
2020-07-20,BAC,negative,D,23.58
2020-07-20,BUD,sell,L,53.58
2020-07-20,C,negative,D,50.14
2020-07-20,FSLY,buy,L,84.85
2020-07-20,GS,buy,D,211.71
2020-07-20,JPM,negative,D,97.3
2020-07-20,KC,sell,L,35.54
2020-07-20,MS,buy,D,51.86
2020-07-20,NWL,buy,F,16.07
2020-07-20,OPK,buy,I,4.94
2020-07-20,PANW,buy,D,251.6
2020-07-20,POOL,buy,F,301.35
2020-07-20,SAM,buy,L,650.79
2020-07-20,SPCE,positive,L,22.98
2020-07-20,SRNE,buy,I,8.36
2020-07-20,TSCO,buy,F,144.69
2020-07-20,X,negative,L,7.58
2020-07-20,YETI,buy,F,45.05
2020-07-20,ZI,buy,L,42.48
2020-07-20,ZM,buy,D,268.58
2020-07-21,AAPL,buy,D,388.0
2020-07-21,COMM,sell,L,8.98
2020-07-21,DIS,positive,D,118.62
2020-07-21,EVRI,buy,L,5.78
2020-07-21,FB,buy,D,241.75
2020-07-21,HBI,buy,L,13.88
2020-07-21,LOGI,buy,I,70.41
2020-07-21,MSFT,buy,D,208.75
2020-07-21,OKTA,buy,I,211.31
2020-07-21,PVH,positive,D,49.02
2020-07-21,SBUX,positive,D,75.44
2020-07-21,VFC,positive,D,59.67
2020-07-21,WBA,buy,L,40.41
2020-07-22,ADSK,buy,L,240.74
2020-07-22,CVX,buy,L,91.04
2020-07-22,DD,buy,L,54.43
2020-07-22,DHR,buy,L,195.61
2020-07-22,EBS,buy,L,93.98
2020-07-22,FHN,buy,I,9.29
2020-07-22,ILMN,buy,L,391.71
2020-07-22,KMI,sell,L,14.89
2020-07-22,MDLA,positive,I,29.91
2020-07-22,NKLA,sell,L,36.57
2020-07-22,OLN,sell,L,12.05
2020-07-22,PE,buy,L,11.63
2020-07-22,PTC,sell,L,83.83
2020-07-22,PXD,buy,L,102.51
2020-07-22,TMO,buy,L,410.76
2020-07-23,AAPL,buy,D,371.38
2020-07-23,ATRO,sell,L,9.32
2020-07-23,AZN,buy,D,55.17
2020-07-23,DISH,buy,L,33.4
2020-07-23,FB,buy,D,232.6
2020-07-23,GILD,positive,D,75.56
2020-07-23,GSK,buy,D,40.3
2020-07-23,GWPH,positive,L,129.0
2020-07-23,HON,buy,L,153.73
2020-07-23,JNJ,buy,D,149.61
2020-07-23,LLY,positive,D,161.52
2020-07-23,LMND,buy,I,82.16
2020-07-23,MRNA,negative,D,75.33
2020-07-23,MSFT,buy,D,202.54
2020-07-23,NCNO,buy,F,71.57
2020-07-23,NVAX,positive,D,139.59
2020-07-23,PFE,buy,D,38.41
2020-07-23,REGN,positive,D,630.31
2020-07-23,RTX,buy,L,63.12
2020-07-23,TAK,buy,L,17.35
2020-07-23,TTD,buy,L,424.39
2020-07-27,AAPL,buy,D,379.24
2020-07-27,AMD,buy,D,68.97
2020-07-27,AXP,positive,L,95.79
2020-07-27,AYX,buy,L,166.71
2020-07-27,AZN,buy,D,56.58
2020-07-27,BA,negative,D,170.21
2020-07-27,BLMN,buy,L,11.57
2020-07-27,CAT,positive,D,139.89
2020-07-27,CVX,buy,D,91.04
2020-07-27,FB,buy,D,233.5
2020-07-27,GE,negative,D,6.71
2020-07-27,INTC,negative,L,49.57
2020-07-27,LLY,buy,D,160.5
2020-07-27,MAT,buy,I,10.86
2020-07-27,MCD,buy,D,201.25
2020-07-27,MMM,buy,D,163.24
2020-07-27,NOW,buy,D,433.81
2020-07-27,OKE,sell,L,28.02
2020-07-27,PFE,buy,D,37.54
2020-07-27,PYPL,buy,D,177.98
2020-07-27,RTX,positive,D,61.09
2020-07-27,RUN,negative,L,42.5
2020-07-27,SBUX,buy,D,76.46
2020-07-27,SHOP,buy,D,976.39
2020-07-27,SWKS,buy,I,136.69
2020-07-27,T,negative,L,29.29
2020-07-27,TMDX,buy,L,17.43
2020-07-27,VZ,buy,L,56.87
2020-07-27,XOM,negative,D,44.07
2020-07-28,BC,buy,D,69.3
2020-07-28,CHWY,buy,L,46.32
2020-07-28,CI,buy,L,175.75
2020-07-28,CNC,buy,I,64.23
2020-07-28,COMM,sell,L,8.51
2020-07-28,CVS,negative,L,63.27
2020-07-28,CWH,buy,D,36.45
2020-07-28,IBM,buy,L,124.47
2020-07-28,LMT,buy,L,386.66
2020-07-28,MAT,buy,D,11.32
2020-07-28,OTIS,buy,I,60.28
2020-07-28,PII,buy,D,105.26
2020-07-28,SHW,buy,D,633.55
2020-07-28,SMG,buy,D,145.43
2020-07-28,THO,buy,D,115.9
2020-07-28,TSCO,buy,D,143.07
2020-07-28,W,buy,D,227.0
2020-07-28,WORK,buy,L,28.75
2020-07-29,AAPL,buy,D,380.16
2020-07-29,APHA,buy,I,4.85
2020-07-29,BABA,buy,L,252.45
2020-07-29,BCRX,sell,L,4.22
2020-07-29,DXCM,buy,I,427.08
2020-07-29,FB,buy,D,233.29
2020-07-29,GTT,sell,L,6.87
2020-07-29,HCA,buy,L,129.78
2020-07-29,JMIA,sell,L,11.37
2020-07-29,LL,buy,L,22.73
2020-07-29,LLY,buy,L,161.75
2020-07-29,MLM,buy,I,214.13
2020-07-29,MRVL,buy,L,35.11
2020-07-29,MSFT,buy,D,204.06
2020-07-29,NIO,sell,L,12.7
2020-07-29,QRVO,buy,L,115.28
2020-07-29,REGN,buy,L,632.16
2020-07-29,SWKS,buy,L,136.45
2020-07-30,AAPL,buy,F,384.76
2020-07-30,BLNK,sell,L,12.49
2020-07-30,CCH,buy,I,13.58
2020-07-30,DT,buy,L,42.37
2020-07-30,FB,buy,F,234.5
2020-07-30,KDP,buy,I,30.77
2020-07-30,RST,buy,L,25.94
2020-07-30,TMHC,buy,I,23.91
2020-07-30,VXRT,sell,L,9.92
2020-08-03,ALXN,negative,L,104.85
2020-08-03,BDX,buy,L,283.68
2020-08-03,CHGG,buy,D,85.93
2020-08-03,CHWY,buy,D,56.84
2020-08-03,CLX,buy,I,231.96
2020-08-03,EBS,buy,D,118.0
2020-08-03,EHTH,buy,L,67.59
2020-08-03,ETSY,buy,D,126.62
2020-08-03,FSLY,buy,D,111.66
2020-08-03,GOLF,buy,L,38.72
2020-08-03,LVGO,buy,D,136.63
2020-08-03,MSFT,buy,D,216.54
2020-08-03,PINS,buy,I,36.08
2020-08-03,PTON,buy,D,72.68
2020-08-03,SRNE,buy,L,9.77
2020-08-03,TEAM,buy,I,177.95
2020-08-03,VALE,negative,L,11.42
2020-08-03,WORK,positive,D,30.5
2020-08-03,ZM,buy,D,268.0
2020-08-04,AMD,buy,D,85.04
2020-08-04,BGS,buy,I,29.51
2020-08-04,BP,negative,D,23.74
2020-08-04,CLX,buy,F,237.74
2020-08-04,COST,buy,D,339.79
2020-08-04,CRM,buy,L,201.41
2020-08-04,DBX,sell,L,23.23
2020-08-04,ETSY,buy,D,129.8
2020-08-04,HD,buy,D,267.87
2020-08-04,INTC,negative,D,49.13
2020-08-04,K,buy,L,69.71
2020-08-04,NIO,sell,D,13.64
2020-08-04,NKLA,sell,D,38.84
2020-08-04,NOW,buy,L,438.15
2020-08-04,PYPL,buy,D,197.33
2020-08-04,SMAR,sell,L,47.85
2020-08-04,SRNE,negative,D,12.84
2020-08-04,TGT,buy,D,130.45
2020-08-04,UBER,positive,L,32.68
2020-08-04,WMT,buy,D,131.64
2020-08-05,AAL,positive,L,12.56
2020-08-05,BYND,buy,I,132.69
2020-08-05,DD,buy,D,54.73
2020-08-05,DIS,buy,D,127.61
2020-08-05,EMR,buy,D,64.69
2020-08-05,LITE,negative,L,94.14
2020-08-05,LUV,buy,L,32.72
2020-08-05,LVGO,buy,F,128.06
2020-08-05,MA,buy,D,328.0
2020-08-05,MMM,buy,D,155.35
2020-08-05,NKE,buy,D,100.94
2020-08-05,NUE,buy,D,43.48
2020-08-05,PPG,buy,D,111.66
2020-08-05,PVH,buy,D,51.18
2020-08-05,REGN,buy,F,624.52
2020-08-05,RL,buy,D,68.51
2020-08-05,RPRX,buy,L,41.93
2020-08-05,SO,sell,L,53.4
2020-08-05,SRE,buy,I,127.03
2020-08-05,SRPT,buy,L,158.89
2020-08-05,TDOC,buy,F,202.01
2020-08-05,TJX,buy,L,53.54
2020-08-05,UNP,buy,D,177.47
2020-08-05,VRTX,buy,L,273.23
2020-08-05,WEN,buy,F,22.39
2020-08-05,XLNX,buy,I,107.57
2020-08-06,AA,sell,L,14.9
2020-08-06,AAPL,buy,D,455.61
2020-08-06,AGCO,buy,L,68.3
2020-08-06,ANDE,negative,L,17.0
2020-08-06,BLL,buy,L,74.44
2020-08-06,CRM,buy,D,207.79
2020-08-06,DE,buy,L,181.26
2020-08-06,DIS,buy,D,130.82
2020-08-06,ELAN,buy,L,24.44
2020-08-06,ETSY,buy,I,130.66
2020-08-06,FB,buy,D,265.28
2020-08-06,MSFT,buy,D,216.35
2020-08-06,PZZA,buy,I,97.53
2020-08-06,SPCE,positive,L,19.34
2020-08-06,VZ,buy,I,57.83
2020-08-10,AYX,negative,L,109.23
2020-08-10,BBBY,negative,D,12.66
2020-08-10,DGII,positive,L,13.82
2020-08-10,EVH,negative,L,13.16
2020-08-10,FL,positive,D,29.63
2020-08-10,HD,negative,D,274.73
2020-08-10,INSG,buy,I,12.79
2020-08-10,LHX,buy,L,179.18
2020-08-10,LMT,buy,L,389.26
2020-08-10,MAR,positive,D,97.13
2020-08-10,NVAX,negative,F,178.51
2020-08-10,RCL,positive,D,57.31
2020-08-10,SAIL,buy,I,36.02
2020-08-10,SRNE,negative,F,18.82
2020-08-10,TTWO,buy,I,174.73
2020-08-11,BYND,buy,L,125.5
2020-08-11,CRM,positive,D,191.99
2020-08-11,CWH,buy,L,32.06
2020-08-11,DD,buy,D,57.3
2020-08-11,DPZ,buy,L,388.65
2020-08-11,FRT,buy,I,82.18
2020-08-11,GRWG,negative,L,8.61
2020-08-11,HON,buy,D,160.28
2020-08-11,OMI,buy,I,14.82
2020-08-11,QCOM,negative,L,108.83
2020-08-11,RPD,buy,L,57.01
2020-08-11,TWLO,buy,L,244.49
2020-08-11,ZM,negative,D,231.04
2020-08-12,AAPL,buy,D,452.04
2020-08-12,CSCO,buy,I,48.1
2020-08-12,EBS,buy,I,129.57
2020-08-12,EXPI,buy,L,30.91
2020-08-12,FLIR,buy,L,36.55
2020-08-12,JCOM,buy,I,70.56
2020-08-12,KNDI,sell,L,8.68
2020-08-12,PII,buy,L,107.16
2020-08-12,SERV,buy,L,41.41
2020-08-12,TSE,sell,L,26.97
2020-08-12,ZI,buy,L,38.53
2020-08-13,ACLS,buy,L,26.31
2020-08-13,AZEK,buy,I,35.56
2020-08-13,EB,negative,L,9.91
2020-08-13,FIVN,buy,I,119.45
2020-08-13,FLT,negative,L,234.63
2020-08-13,OPK,buy,L,4.86
2020-08-13,PYPL,buy,I,193.07
2020-08-13,TUP,negative,L,13.66
2020-08-17,BEKE,sell,F,38.72
2020-08-17,BLDR,buy,L,30.02
2020-08-17,DHR,buy,D,205.57
2020-08-17,DPZ,buy,D,409.39
2020-08-17,GRWG,buy,I,16.16
2020-08-17,HD,buy,D,288.24
2020-08-17,LOW,buy,D,158.41
2020-08-17,PING,negative,L,33.22
2020-08-17,PKI,buy,I,119.67
2020-08-17,RPRX,buy,L,45.95
2020-08-17,TMO,buy,D,416.8
2020-08-17,VRTX,buy,L,273.84
2020-08-17,WING,buy,D,157.41
2020-08-17,WMT,buy,D,135.6
2020-08-18,AAPL,buy,D,462.25
2020-08-18,AMD,buy,D,81.66
2020-08-18,AMRN,sell,L,6.84
2020-08-18,CBRL,sell,L,117.56
2020-08-18,CDNS,buy,D,109.15
2020-08-18,CELH,buy,L,23.07
2020-08-18,COLM,buy,I,80.66
2020-08-18,DHI,buy,L,73.54
2020-08-18,DRI,buy,L,82.83
2020-08-18,EAT,buy,L,37.72
2020-08-18,EHTH,buy,I,76.28
2020-08-18,EQT,sell,L,16.53
2020-08-18,GRWG,buy,F,17.67
2020-08-18,KLAC,buy,D,211.76
2020-08-18,LVGO,buy,L,136.01
2020-08-18,NOW,buy,D,437.58
2020-08-18,NVDA,buy,D,490.43
2020-08-18,PYPL,buy,D,194.57
2020-08-18,QRVO,buy,D,132.61
2020-08-18,WRK,sell,L,29.1
2020-08-19,AAPL,positive,D,462.83
2020-08-19,ADI,buy,I,118.15
2020-08-19,APHA,negative,L,4.63
2020-08-19,ATVI,buy,L,81.98
2020-08-19,CHWY,buy,L,56.22
2020-08-19,HD,buy,D,282.86
2020-08-19,HOME,buy,I,18.66
2020-08-19,LIN,buy,I,247.24
2020-08-19,LOW,buy,D,158.28
2020-08-19,LVGO,buy,L,135.74
2020-08-19,MSFT,positive,D,209.7
2020-08-19,ONEM,negative,L,29.67
2020-08-19,PETS,buy,L,33.48
2020-08-19,SDC,sell,L,7.97
2020-08-19,SONO,positive,L,14.27
2020-08-19,SPOT,buy,L,261.72
2020-08-19,SWCH,buy,L,17.12
2020-08-19,TGT,buy,D,154.22
2020-08-19,TSN,sell,L,63.48
2020-08-19,TWOU,sell,L,39.32
2020-08-19,WMT,buy,D,132.41
2020-08-20,AAL,negative,D,12.5
2020-08-20,AAPL,buy,D,473.1
2020-08-20,AKAM,buy,I,110.35
2020-08-20,BA,positive,L,169.58
2020-08-20,BAC,negative,L,25.1
2020-08-20,BJ,positive,L,44.46
2020-08-20,COST,buy,L,340.87
2020-08-20,F,negative,D,6.84
2020-08-20,GM,negative,D,28.83
2020-08-20,HOME,buy,D,19.24
2020-08-20,NBIX,sell,L,113.49
2020-08-20,NCLH,negative,D,15.58
2020-08-20,NKE,buy,L,108.01
2020-08-20,NVDA,buy,F,485.64
2020-08-20,OOMA,sell,L,17.18
2020-08-20,OXY,negative,D,13.4
2020-08-20,PING,buy,I,34.21
2020-08-20,UA,negative,L,8.79
2020-08-20,ZM,buy,D,290.69
2020-08-24,AAPL,buy,F,503.43
2020-08-24,EL,buy,L,212.57
2020-08-24,FISV,buy,I,96.22
2020-08-24,GILD,sell,L,66.08
2020-08-24,GOLD,buy,L,28.97
2020-08-24,HII,negative,L,162.18
2020-08-24,IFF,buy,L,122.89
2020-08-24,KPTI,buy,L,14.19
2020-08-24,LIN,buy,L,248.91
2020-08-24,LMT,buy,L,395.04
2020-08-24,OPK,buy,I,4.74
2020-08-24,PANW,buy,I,267.07
2020-08-24,PLUG,positive,L,12.34
2020-08-24,REGN,buy,L,594.77
2020-08-24,RTX,buy,L,61.88
2020-08-25,AAXN,buy,L,85.23
2020-08-25,AMGN,buy,F,248.22
2020-08-25,CRM,buy,I,216.05
2020-08-25,CVX,positive,L,86.13
2020-08-25,GE,buy,L,6.59
2020-08-25,HLT,positive,D,88.44
2020-08-25,HON,buy,F,164.53
2020-08-25,HRL,buy,I,51.54
2020-08-25,LUV,positive,D,37.06
2020-08-25,MPC,buy,L,36.45
2020-08-25,NCLH,positive,D,16.75
2020-08-25,PFE,negative,D,38.41
2020-08-25,PTON,sell,L,66.45
2020-08-25,RTX,negative,D,60.95
2020-08-25,SMG,buy,L,174.89
2020-08-25,XOM,sell,D,40.88
2020-08-26,AAPL,positive,D,506.09
2020-08-26,BBY,buy,D,112.31
2020-08-26,CCX,negative,L,10.52
2020-08-26,COST,buy,D,344.27
2020-08-26,CRM,positive,D,272.32
2020-08-26,DKS,buy,D,53.99
2020-08-26,FB,positive,D,303.91
2020-08-26,GRWG,buy,L,14.05
2020-08-26,HD,buy,D,291.93
2020-08-26,INSG,buy,L,10.86
2020-08-26,INTU,buy,I,342.34
2020-08-26,JWN,sell,D,14.69
2020-08-26,KSS,sell,D,20.71
2020-08-26,LB,sell,D,30.76
2020-08-26,LCA,buy,L,16.12
2020-08-26,LOW,buy,D,170.39
2020-08-26,MMM,buy,I,163.9
2020-08-26,OKE,sell,L,26.56
2020-08-26,RDS.A,sell,L,30.03
2020-08-26,TGT,buy,D,152.71
2020-08-26,TJX,negative,D,53.26
2020-08-26,URBN,buy,D,25.25
2020-08-26,WMT,buy,D,130.7
2020-08-27,ABT,buy,F,111.29
2020-08-27,CNC,positive,L,60.49
2020-08-27,CSCO,positive,L,42.29
2020-08-27,ET,sell,L,6.53
2020-08-27,GNRC,buy,L,186.65
2020-08-27,HPQ,buy,I,18.7
2020-08-27,SPLK,buy,I,215.39
2020-08-27,SWCH,buy,L,16.99
2020-08-27,TEAM,positive,D,188.31
2020-08-27,WDAY,buy,I,216.63
2020-08-27,WSM,buy,I,91.13
2020-09-08,CNC,negative,D,57.16
2020-09-08,CRWD,buy,I,125.63
2020-09-08,CWH,buy,L,33.54
2020-09-08,EHTH,negative,L,66.32
2020-09-08,EVA,positive,L,38.77
2020-09-08,FLWS,negative,L,24.16
2020-09-08,FSLY,positive,D,81.08
2020-09-08,GILD,negative,D,64.14
2020-09-08,JNJ,negative,D,147.26
2020-09-08,LLY,negative,D,149.31
2020-09-08,LVGO,positive,D,123.1
2020-09-08,PTON,positive,D,85.6
2020-09-08,SQ,positive,D,139.11
2020-09-08,TWTR,buy,I,38.19
2020-09-08,ZM,positive,D,350.88
2020-09-09,AAPL,buy,D,117.32
2020-09-09,ACI,positive,L,13.88
2020-09-09,ADBE,positive,D,479.46
2020-09-09,AMD,buy,D,81.91
2020-09-09,AVGO,buy,D,360.03
2020-09-09,BMY,buy,D,59.08
2020-09-09,COST,buy,D,346.43
2020-09-09,CRWD,buy,D,128.18
2020-09-09,DD,buy,D,57.93
2020-09-09,LPSN,buy,L,52.05
2020-09-09,LULU,buy,D,323.93
2020-09-09,MSFT,buy,D,211.29
2020-09-09,MU,buy,L,45.15
2020-09-09,NOW,buy,D,458.2
2020-09-09,NVDA,buy,D,508.6
2020-09-09,QRVO,buy,D,122.71
2020-09-09,RH,buy,D,321.08
2020-09-09,RKT,buy,L,23.39
2020-09-09,SHOP,buy,D,949.31
2020-09-09,SRNE,negative,L,6.41
2020-09-09,SWKS,buy,D,137.61
2020-09-09,ULTA,buy,I,235.4
2020-09-09,WIX,buy,D,262.28
2020-09-09,ZM,buy,D,389.65
2020-09-10,CRWD,buy,L,129.35
2020-09-10,FEYE,negative,L,12.69
2020-09-10,MRVL,buy,L,38.51
2020-09-10,NCNO,buy,I,84.2
2020-09-10,ON,sell,L,21.52
2020-09-10,PANW,buy,L,236.96
2020-09-10,QRVO,buy,L,121.46
2020-09-10,RH,buy,I,385.46
2020-09-10,SAGE,buy,I,54.25
2020-09-10,SWKS,buy,L,135.23
2020-09-10,ZS,buy,L,132.61
2020-09-11,ADBE,buy,D,471.35
2020-09-11,ADS,sell,M,45.25
2020-09-11,AMAT,positive,L,55.0
2020-09-11,BX,buy,L,51.47
2020-09-11,CWH,buy,D,34.44
2020-09-11,DE,buy,D,215.96
2020-09-11,DIS,buy,L,131.75
2020-09-11,FDX,buy,D,232.79
2020-09-11,HZNP,sell,L,70.54
2020-09-11,KHC,negative,D,31.71
2020-09-11,LEN,buy,D,77.48
2020-09-11,LRCX,buy,L,293.99
2020-09-11,MLHR,buy,D,22.69
2020-09-11,MOG.A,buy,M,59.8
2020-09-11,MOS,negative,D,18.31
2020-09-11,MRNA,positive,D,59.34
2020-09-11,NKLA,sell,F,32.13
2020-09-11,OPRX,negative,L,18.12
2020-09-11,OSMT,sell,M,4.96
2020-09-11,PFE,buy,D,36.07
2020-09-11,PRPL,sell,L,23.57
2020-09-11,PTON,positive,D,84.04
2020-09-14,AAPL,buy,F,115.36
2020-09-14,CLBK,sell,L,11.24
2020-09-14,COST,buy,D,342.92
2020-09-14,CTAS,buy,L,327.81
2020-09-14,CVS,positive,L,57.97
2020-09-14,FHN,negative,L,9.79
2020-09-14,GILD,buy,D,66.34
2020-09-14,GOCO,negative,L,12.84
2020-09-14,GWPH,buy,I,106.89
2020-09-14,HD,buy,D,280.65
2020-09-14,HOME,buy,L,16.15
2020-09-14,MAR,buy,D,104.68
2020-09-14,NCLH,buy,D,17.79
2020-09-14,NVDA,buy,D,514.89
2020-09-14,PENN,buy,D,65.54
2020-09-14,PVH,buy,D,71.4
2020-09-14,SHLL,sell,L,43.25
2020-09-14,TJX,buy,D,55.47
2020-09-14,TPR,buy,D,17.52
2020-09-14,TSLA,buy,F,419.62
2020-09-14,YUM,buy,D,92.87
2020-09-15,ADBE,buy,D,497.67
2020-09-15,BABA,buy,L,277.96
2020-09-15,BKE,sell,L,21.3
2020-09-15,C,negative,D,44.81
2020-09-15,CAT,buy,D,148.6
2020-09-15,DHI,buy,D,71.77
2020-09-15,FDX,buy,D,236.67
2020-09-15,FHN,negative,D,9.65
2020-09-15,GPRO,sell,L,3.89
2020-09-15,JMIA,negative,L,7.83
2020-09-15,KODK,sell,L,6.23
2020-09-15,LEN,buy,I,75.9
2020-09-15,MO,sell,L,42.78
2020-09-15,PVH,buy,L,70.93
2020-09-15,RH,buy,D,374.24
2020-09-15,RL,buy,L,80.62
2020-09-15,RXT,sell,L,18.4
2020-09-15,UNP,buy,I,202.37
2020-09-15,WFC,negative,D,24.88
2020-09-15,WKHS,sell,L,25.35
2020-09-15,XOM,sell,D,36.27
2020-09-15,ZNGA,positive,L,8.52
2020-09-16,AYX,positive,L,108.49
2020-09-16,BOX,buy,I,18.05
2020-09-16,CPB,buy,I,45.26
2020-09-16,CVX,buy,L,78.56
2020-09-16,FDX,buy,D,250.3
2020-09-16,FROG,negative,F,64.79
2020-09-16,GE,positive,D,6.75
2020-09-16,HON,buy,D,170.0
2020-09-16,LEN,buy,D,78.89
2020-09-16,LULU,buy,D,309.99
2020-09-16,MMM,buy,D,169.51
2020-09-16,NAT,sell,L,3.91
2020-09-16,PE,buy,L,10.15
2020-09-16,SNOW,negative,F,253.93
2020-09-16,TPR,positive,D,18.1
2020-09-16,UBER,buy,L,37.66
2020-09-16,ZM,buy,L,408.17
2020-09-17,ABT,buy,L,106.66
2020-09-17,AEP,buy,L,80.04
2020-09-17,AMWL,positive,F,23.07
2020-09-17,BOX,buy,D,17.8
2020-09-17,CLX,positive,L,206.85
2020-09-17,CPB,buy,D,45.59
2020-09-17,ED,buy,L,75.93
2020-09-17,ERIC,sell,L,11.03
2020-09-17,FCX,positive,L,17.03
2020-09-17,FLGT,buy,L,31.72
2020-09-17,HASI,sell,L,39.39
2020-09-17,LEN,buy,D,78.14
2020-09-17,MLHR,buy,D,34.55
2020-09-17,MRVL,buy,L,38.71
2020-09-17,NEE,buy,L,279.52
2020-09-17,PENN,buy,F,73.0
2020-09-17,PFPT,buy,I,103.19
2020-09-17,PTON,negative,L,85.2
2020-09-17,SPLK,buy,L,177.68
2020-09-17,TMO,buy,L,432.93
2020-09-17,TTD,negative,L,428.77
2020-09-17,VALE,negative,L,11.88
2020-09-18,ACN,buy,D,236.18
2020-09-18,CBRL,sell,L,118.28
2020-09-18,COST,buy,D,335.96
2020-09-18,DDD,negative,L,5.32
2020-09-18,DRI,buy,D,89.97
2020-09-18,FCX,buy,F,17.0
2020-09-18,FDX,positive,D,242.78
2020-09-18,GIS,buy,D,57.32
2020-09-18,JBL,buy,D,33.42
2020-09-18,KBH,buy,D,38.99
2020-09-18,KMX,buy,D,103.07
2020-09-18,NKE,buy,D,114.66
2020-09-18,NOK,sell,L,4.09
2020-09-18,PLUG,buy,L,13.56
2020-09-18,SPLK,buy,I,174.89
2020-09-18,U,negative,F,68.35
2020-09-18,ZBRA,buy,L,256.15
2020-09-21,ACI,buy,I,13.66
2020-09-21,ARWR,buy,L,41.71
2020-09-21,CIEN,sell,L,40.59
2020-09-21,COTY,sell,L,3.02
2020-09-21,CPB,buy,D,46.07
2020-09-21,CZR,sell,L,54.43
2020-09-21,DOCU,buy,D,205.02
2020-09-21,DPHC,negative,L,31.4
2020-09-21,GEO,sell,L,10.75
2020-09-21,KO,buy,I,49.09
2020-09-21,LLY,buy,I,151.18
2020-09-21,MCS,sell,L,9.35
2020-09-21,NFLX,buy,D,487.35
2020-09-21,ORCL,buy,D,60.82
2020-09-21,PTON,buy,D,94.8
2020-09-21,RSG,buy,L,94.04
2020-09-21,SHOP,buy,D,927.89
2020-09-21,SQ,buy,D,151.12
2020-09-21,SWBI,positive,L,15.22
2020-09-21,WMT,buy,D,137.07
2020-09-22,CVNA,buy,D,226.83
2020-09-22,DOCU,buy,D,212.13
2020-09-22,DRI,buy,D,89.98
2020-09-22,EBAY,buy,L,50.92
2020-09-22,ELF,buy,I,19.12
2020-09-22,FSLR,sell,L,61.55
2020-09-22,FSLY,buy,L,94.31
2020-09-22,KTOS,buy,L,18.87
2020-09-22,LULU,buy,D,313.6
2020-09-22,M,buy,I,6.27
2020-09-22,MT,sell,L,12.43
2020-09-22,NKE,buy,D,116.87
2020-09-22,NKLA,sell,F,28.51
2020-09-22,OKTA,buy,D,211.86
2020-09-22,PANW,buy,D,246.5
2020-09-22,RL,buy,D,75.04
2020-09-22,SIRI,positive,L,5.13
2020-09-22,ZM,buy,D,492.6
2020-09-22,ZS,buy,D,137.99
2020-09-23,AAPL,buy,D,107.12
2020-09-23,BYND,buy,L,150.57
2020-09-23,CHGG,buy,L,69.95
2020-09-23,CHWY,buy,L,54.99
2020-09-23,GDRX,buy,F,50.5
2020-09-23,GIS,buy,D,57.72
2020-09-23,INSG,buy,L,10.68
2020-09-23,JNJ,buy,D,144.44
2020-09-23,KO,buy,D,48.21
2020-09-23,LYB,buy,L,69.99
2020-09-23,MET,negative,L,36.09
2020-09-23,MGA,buy,L,44.19
2020-09-23,MSFT,buy,D,200.59
2020-09-23,NKE,buy,F,127.11
2020-09-23,PEP,buy,D,131.0
2020-09-23,PLAN,buy,I,59.84
2020-09-23,TSLA,buy,F,380.36
2020-09-25,BA,positive,L,156.03
2020-09-25,BBBY,negative,D,14.53
2020-09-25,BC,buy,I,58.81
2020-09-25,CAG,negative,D,35.12
2020-09-25,COST,buy,F,342.58
2020-09-25,DHR,buy,L,207.16
2020-09-25,EGHT,sell,F,15.28
2020-09-25,GE,negative,L,6.11
2020-09-25,ILMN,sell,L,299.89
2020-09-25,MU,negative,D,49.14
2020-09-25,NKLA,sell,D,19.46
2020-09-25,PEP,positive,D,133.55
2020-09-25,PING,buy,L,30.24
2020-09-25,RDHL,negative,L,10.09
2020-09-25,RKT,sell,L,20.52
2020-09-25,RPRX,buy,L,40.07
2020-09-25,SPAQ,sell,F,13.75
2020-09-25,STZ,positive,D,181.82
2020-09-25,THO,buy,D,93.21
2020-09-25,TMO,buy,L,422.29
2020-09-25,WBA,sell,L,35.43
2020-10-05,AN,positive,D,59.47
2020-10-05,BBBY,buy,D,20.49
2020-10-05,BBY,buy,D,116.07
2020-10-05,BMY,buy,I,59.2
2020-10-05,COST,buy,D,358.58
2020-10-05,F,buy,D,7.02
2020-10-05,HD,buy,D,282.1
2020-10-05,KMX,positive,D,97.91
2020-10-05,LOW,buy,D,168.54
2020-10-05,REGN,positive,D,605.08
2020-10-05,TGT,buy,D,161.49
2020-10-05,WMT,buy,D,141.8
2020-10-05,WORK,buy,I,28.28
2020-10-06,AN,buy,D,59.03
2020-10-06,BLNK,sell,L,10.8
2020-10-06,CAG,buy,D,36.85
2020-10-06,COST,buy,D,358.35
2020-10-06,CVNA,buy,D,214.65
2020-10-06,DRI,buy,D,101.25
2020-10-06,F,buy,D,6.98
2020-10-06,GDRX,negative,L,57.16
2020-10-06,GNRC,buy,I,207.37
2020-10-06,GOLD,buy,L,27.06
2020-10-06,HD,buy,D,276.47
2020-10-06,JNJ,buy,D,146.26
2020-10-06,LOW,buy,D,164.99
2020-10-06,NET,buy,I,42.23
2020-10-06,PAYX,buy,I,79.43
2020-10-06,PEP,buy,D,135.7
2020-10-06,PTON,buy,D,111.31
2020-10-06,RDNT,negative,L,15.69
2020-10-06,REGN,buy,D,581.64
2020-10-06,SE,negative,L,163.44
2020-10-06,TGT,buy,D,158.41
2020-10-06,WMT,buy,D,140.63
2020-10-07,AAPL,buy,F,115.08
2020-10-07,AYX,buy,L,143.68
2020-10-07,EXAS,buy,I,108.43
2020-10-07,FB,buy,F,258.12
2020-10-07,GOLD,buy,L,26.95
2020-10-07,KGC,negative,L,8.43
2020-10-07,LEVI,buy,I,15.49
2020-10-07,LRN,buy,L,29.83
2020-10-07,RUN,buy,L,78.05
2020-10-07,SKT,sell,L,6.37
2020-10-07,WW,sell,L,22.69
2020-10-08,AKAM,buy,L,111.08
2020-10-08,BA,buy,L,168.0
2020-10-08,BBY,buy,D,114.92
2020-10-08,CRM,buy,D,260.22
2020-10-08,CRSP,buy,L,95.39
2020-10-08,CVX,positive,D,75.22
2020-10-08,DPZ,buy,I,401.01
2020-10-08,HD,buy,D,284.52
2020-10-08,LEN,buy,D,84.01
2020-10-08,LEVI,buy,D,15.56
2020-10-08,LLNW,sell,L,5.92
2020-10-08,MCD,buy,D,225.8
2020-10-08,MLHR,buy,D,31.7
2020-10-08,MRVL,buy,I,42.75
2020-10-08,NFLX,buy,D,531.79
2020-10-08,NKLA,sell,D,25.0
2020-10-08,NSC,buy,D,216.39
2020-10-08,PE,positive,D,10.28
2020-10-08,ROKU,buy,D,223.84
2020-10-08,SPAQ,negative,F,13.94
2020-10-08,SPCE,sell,L,22.09
2020-10-08,SWK,buy,D,173.59
2020-10-08,TOL,buy,D,49.23
2020-10-08,TSLA,buy,D,425.92
2020-10-08,UNP,buy,D,203.78
2020-10-08,WEN,buy,D,23.79
2020-10-08,ZM,buy,D,478.55
2020-10-09,AMD,buy,D,83.1
2020-10-09,BAC,positive,D,25.36
2020-10-09,C,positive,D,44.93
2020-10-09,COST,buy,D,369.46
2020-10-09,ELAN,buy,L,33.1
2020-10-09,EQIX,buy,L,829.35
2020-10-09,ETSY,buy,D,146.67
2020-10-09,FDX,buy,D,271.55
2020-10-09,GH,buy,L,108.19
2020-10-09,ILMN,buy,L,339.04
2020-10-09,JNJ,positive,D,150.97
2020-10-09,JPM,positive,D,101.2
2020-10-09,LEVI,buy,D,15.21
2020-10-09,LIN,buy,F,239.94
2020-10-09,LULU,buy,D,346.46
2020-10-09,MS,buy,D,48.83
2020-10-09,NCNO,buy,L,79.86
2020-10-09,NOK,sell,L,4.03
2020-10-09,OKTA,buy,I,236.45
2020-10-09,PLUG,buy,F,18.43
2020-10-09,PTON,buy,D,123.02
2020-10-09,ROKU,buy,D,223.95
2020-10-09,T,sell,L,28.32
2020-10-09,THO,buy,D,96.59
2020-10-09,TT,buy,L,129.12
2020-10-09,TTWO,buy,D,161.64
2020-10-09,UPS,buy,D,174.69
2020-10-09,VFC,negative,D,77.61
2020-10-09,VZ,buy,L,59.33
2020-10-09,WBA,positive,D,36.34
2020-10-09,WFC,negative,D,25.3
2020-10-09,ZM,buy,D,492.41
2020-10-12,AAPL,buy,D,124.4
2020-10-12,AEO,buy,F,15.01
2020-10-12,AGCO,buy,D,80.61
2020-10-12,CBRL,positive,L,117.77
2020-10-12,CTVA,buy,D,33.59
2020-10-12,DE,buy,D,236.52
2020-10-12,EOG,positive,L,38.21
2020-10-12,ET,sell,L,6.05
2020-10-12,F,buy,D,7.67
2020-10-12,FB,positive,D,275.75
2020-10-12,GE,positive,D,6.83
2020-10-12,GPS,buy,F,19.28
2020-10-12,JKS,sell,L,59.4
2020-10-12,LB,buy,F,32.05
2020-10-12,MOS,buy,D,19.34
2020-10-12,PEP,buy,D,142.13
2020-10-12,PZZA,buy,L,80.14
2020-10-12,SDC,buy,L,12.51
2020-10-12,SEAH.U,buy,I,10.17
2020-10-12,TWTR,buy,D,48.25
2020-10-12,WING,positive,L,131.95
2020-10-13,AAPL,buy,D,121.1
2020-10-13,C,negative,D,43.68
2020-10-13,CCL,positive,F,14.03
2020-10-13,CELH,buy,I,22.88
2020-10-13,DHR,buy,L,225.62
2020-10-13,DOCU,buy,D,238.21
2020-10-13,INSG,buy,L,10.26
2020-10-13,JPM,negative,D,100.78
2020-10-13,NCLH,negative,F,16.59
2020-10-13,NVDA,buy,L,569.93
2020-10-13,OMI,buy,L,25.62
2020-10-13,PSTG,sell,L,18.3
2020-10-13,PTON,buy,D,130.97
2020-10-13,PYPL,buy,D,207.74
2020-10-13,QDEL,positive,L,274.7
2020-10-13,RCL,positive,F,60.61
2020-10-13,ROKU,buy,D,238.58
2020-10-13,SQ,buy,D,190.47
2020-10-13,TMO,buy,L,467.53
2020-10-13,VRT,buy,L,17.93
2020-10-14,AAPL,positive,D,121.19
2020-10-14,AVGO,positive,D,380.3
2020-10-14,BA,positive,D,163.24
2020-10-14,DIS,positive,D,126.59
2020-10-14,DKNG,positive,L,47.56
2020-10-14,FSLY,buy,F,123.18
2020-10-14,GS,positive,D,211.23
2020-10-14,GWPH,positive,L,96.59
2020-10-14,IBM,buy,L,125.94
2020-10-14,MA,positive,D,342.7
2020-10-14,MDT,buy,I,107.56
2020-10-14,MSFT,positive,D,220.86
2020-10-14,NKE,positive,D,127.66
2020-10-14,NVDA,positive,D,563.81
2020-10-14,SBUX,positive,D,89.31
2020-10-14,SNOW,positive,L,243.18
2020-10-14,TJX,negative,L,57.41
2020-10-14,VMW,buy,I,155.66
2020-10-14,ZIXI,negative,L,6.65
2020-10-15,BAC,positive,D,24.15
2020-10-15,C,sell,D,43.61
2020-10-15,CCI,buy,L,168.14
2020-10-15,DRI,buy,D,100.13
2020-10-15,GS,buy,F,208.6
2020-10-15,HYLN,positive,F,28.27
2020-10-15,JPM,positive,D,101.72
2020-10-15,LEN,buy,D,84.68
2020-10-15,MCD,buy,D,229.64
2020-10-15,MS,buy,F,51.33
2020-10-15,NIO,negative,L,28.07
2020-10-15,PTON,buy,D,136.43
2020-10-15,RUN,buy,L,64.21
2020-10-15,SEDG,buy,L,302.5
2020-10-15,SRNE,positive,I,10.39
2020-10-15,WFC,sell,D,22.95
2020-10-15,WRK,buy,D,39.64
2020-10-15,ZM,buy,D,536.4
2020-10-19,ALBO,positive,L,34.31
2020-10-19,AMWL,negative,D,34.88
2020-10-19,BRKR,negative,L,41.89
2020-10-19,CAT,positive,D,167.53
2020-10-19,CLDR,sell,L,10.4
2020-10-19,CRM,buy,L,255.01
2020-10-19,CRWD,buy,D,144.66
2020-10-19,DDOG,buy,D,111.66
2020-10-19,DE,positive,D,238.17
2020-10-19,DHR,buy,L,223.83
2020-10-19,EMR,positive,D,69.96
2020-10-19,FOUR,negative,F,57.76
2020-10-19,GOLD,buy,L,27.02
2020-10-19,IR,buy,D,36.6
2020-10-19,LMND,negative,D,58.95
2020-10-19,NCNO,negative,D,79.89
2020-10-19,NFLX,buy,D,530.72
2020-10-19,NNOX,negative,F,33.2
2020-10-19,NUE,buy,D,48.97
2020-10-19,OKTA,buy,D,242.09
2020-10-19,PTON,buy,D,133.01
2020-10-19,PYPL,buy,D,200.06
2020-10-19,ROKU,buy,D,222.14
2020-10-19,SNOW,buy,D,246.78
2020-10-19,SQ,buy,D,186.96
2020-10-19,TEVA,sell,L,9.29
2020-10-19,TMO,buy,L,461.29
2020-10-19,TSLA,buy,D,430.83
2020-10-19,ZM,buy,D,568.34
2020-10-19,ZUO,negative,L,10.9
2020-10-20,AAPL,buy,D,117.51
2020-10-20,CAT,buy,D,168.99
2020-10-20,CGC,positive,D,18.88
2020-10-20,CL,positive,D,79.83
2020-10-20,CLX,negative,D,210.61
2020-10-20,EMR,buy,D,70.0
2020-10-20,FEYE,negative,L,14.0
2020-10-20,FSLR,buy,D,84.3
2020-10-20,GNRC,buy,D,211.87
2020-10-20,GOLD,buy,L,27.07
2020-10-20,GRWG,positive,D,18.0
2020-10-20,IIPR,positive,D,128.66
2020-10-20,LAC,sell,L,12.52
2020-10-20,LB,buy,F,33.06
2020-10-20,LOGI,buy,I,92.64
2020-10-20,LTHM,sell,L,10.39
2020-10-20,MLM,negative,D,257.09
2020-10-20,MMM,buy,D,170.95
2020-10-20,NKE,buy,D,128.49
2020-10-20,NLY,sell,L,7.18
2020-10-20,PANW,buy,L,239.28
2020-10-20,PG,positive,D,142.48
2020-10-20,SBGI,negative,L,18.99
2020-10-20,SBUX,buy,D,88.51
2020-10-20,TGTX,buy,L,28.66
2020-10-20,TSLA,buy,D,421.94
2020-10-20,VLDR,sell,L,14.39
2020-10-20,VMC,negative,D,145.45
2020-10-21,AAPL,buy,D,116.87
2020-10-21,ADBE,buy,D,495.96
2020-10-21,AZEK,buy,D,37.27
2020-10-21,BA,buy,L,163.86
2020-10-21,COST,buy,D,377.82
2020-10-21,CVS,positive,L,59.23
2020-10-21,DKNG,buy,L,41.5
2020-10-21,ETSY,buy,D,133.01
2020-10-21,FB,buy,D,278.73
2020-10-21,GPRO,sell,D,6.55
2020-10-21,HD,buy,D,284.51
2020-10-21,LAD,buy,I,260.09
2020-10-21,LHX,positive,L,169.81
2020-10-21,LMT,buy,L,367.14
2020-10-21,LOW,buy,D,174.5
2020-10-21,MAN,buy,L,71.24
2020-10-21,MAS,buy,D,56.11
2020-10-21,MGPI,buy,L,41.2
2020-10-21,PENN,buy,L,63.13
2020-10-21,PINS,buy,D,49.38
2020-10-21,PPG,buy,D,134.03
2020-10-21,PXD,buy,I,78.44
2020-10-21,PYPL,buy,D,213.07
2020-10-21,SHW,buy,D,674.07
2020-10-21,SNAP,buy,D,36.5
2020-10-21,SPAQ,buy,I,12.27
2020-10-21,TREX,buy,D,74.68
2020-10-21,TSLA,buy,D,422.64
2020-10-21,WBA,positive,L,37.39
2020-10-21,WDFC,buy,D,234.61
2020-10-21,YETI,buy,L,51.29
2020-10-22,ADNT,buy,D,23.58
2020-10-22,AXTA,buy,D,26.68
2020-10-22,BMY,buy,L,60.76
2020-10-22,CRSR,buy,L,24.02
2020-10-22,CSIQ,positive,L,39.9
2020-10-22,EL,buy,L,232.62
2020-10-22,F,buy,D,8.21
2020-10-22,KCAC,buy,F,13.75
2020-10-22,LAD,buy,D,250.15
2020-10-22,MRVL,buy,L,41.04
2020-10-22,NUE,buy,I,49.9
2020-10-22,NVDA,buy,D,534.44
2020-10-22,NXPI,buy,D,134.89
2020-10-22,PFE,negative,L,37.43
2020-10-22,REV,sell,L,5.35
2020-10-22,RPRX,negative,L,39.21
2020-10-22,SAH,buy,D,40.52
2020-10-22,TSLA,buy,F,425.79
2020-10-22,UNP,positive,L,187.14
2020-10-23,AAPL,buy,D,115.04
2020-10-23,ACI,negative,L,14.83
2020-10-23,BA,buy,D,167.36
2020-10-23,CAT,positive,D,168.59
2020-10-23,CCI,buy,L,158.47
2020-10-23,CVX,positive,D,72.57
2020-10-23,DDOG,buy,D,102.08
2020-10-23,ETSY,buy,D,137.85
2020-10-23,FB,buy,D,284.79
2020-10-23,FSLY,buy,D,76.35
2020-10-23,MAT,buy,I,14.16
2020-10-23,MRK,buy,D,79.83
2020-10-23,MS,buy,D,51.87
2020-10-23,MSFT,buy,D,216.23
2020-10-23,NET,buy,D,55.82
2020-10-23,NLS,positive,L,26.39
2020-10-23,NXPI,positive,D,137.18
2020-10-23,OTIS,positive,D,63.45
2020-10-23,PFE,positive,D,38.18
2020-10-23,PINS,buy,D,53.0
2020-10-23,PTON,buy,D,122.53
2020-10-23,SQ,buy,D,176.77
2020-10-23,SRE,buy,D,133.86
2020-10-23,STNE,buy,L,59.0
2020-10-23,SWK,buy,D,178.01
2020-10-23,TDOC,buy,D,216.32
2020-10-23,TTD,buy,D,619.91
2020-10-23,TWLO,positive,D,306.1
2020-10-23,XOM,negative,D,34.16
2020-10-23,ZM,buy,D,511.52
2020-10-26,AAL,negative,L,11.8
2020-10-26,AAPL,buy,D,115.05
2020-10-26,AEP,buy,I,93.59
2020-10-26,BABA,buy,L,306.87
2020-10-26,FOCS,negative,L,38.24
2020-10-26,GPS,buy,D,20.6
2020-10-26,HUYA,sell,L,21.4
2020-10-26,JD,buy,L,81.41
2020-10-26,JWN,positive,L,13.24
2020-10-26,KTB,buy,D,31.96
2020-10-26,LCA,buy,L,11.79
2020-10-26,LEVI,buy,D,16.27
2020-10-26,LULU,buy,D,331.6
2020-10-26,LUV,buy,L,41.1
2020-10-26,MS,buy,L,50.32
2020-10-26,PLUG,buy,I,14.46
2020-10-26,RIDEW,positive,L,7.16
2020-10-26,RTX,positive,L,60.81
2020-10-26,SAP,negative,D,115.02
2020-10-27,AAPL,buy,D,116.6
2020-10-27,ADT,sell,L,7.16
2020-10-27,AMD,buy,D,78.88
2020-10-27,CNC,buy,I,64.14
2020-10-27,EXAS,buy,D,131.12
2020-10-27,FB,buy,D,283.29
2020-10-27,GILD,sell,L,60.01
2020-10-27,HOG,positive,D,35.4
2020-10-27,KMB,negative,L,134.76
2020-10-27,MSFT,buy,D,213.25
2020-10-27,NFLX,positive,D,488.93
2020-10-27,PG,buy,L,142.36
2020-10-27,PLTR,buy,L,10.95
2020-10-27,PLUG,buy,F,14.79
2020-10-27,RTX,buy,I,56.53
2020-10-27,TSM,buy,L,86.71
2020-10-27,UMC,buy,L,5.74
2020-10-27,WORK,positive,L,27.93
2020-10-27,WST,sell,L,286.07
2020-10-28,AVGO,buy,D,347.21
2020-10-28,BABA,buy,L,307.94
2020-10-28,BBBY,buy,I,21.1
2020-10-28,CLX,buy,D,209.88
2020-10-28,DXCM,buy,L,349.12
2020-10-28,F,buy,D,7.7
2020-10-28,HD,buy,D,269.72
2020-10-28,JD,buy,L,80.08
2020-10-28,LAD,buy,D,233.49
2020-10-28,LB,buy,D,32.27
2020-10-28,LOW,buy,D,161.42
2020-10-28,MAS,buy,D,53.77
2020-10-28,MSFT,buy,D,202.68
2020-10-28,NIU,negative,L,27.34
2020-10-28,PG,buy,D,137.66
2020-10-28,PINS,positive,D,49.25
2020-10-28,QCOM,buy,D,121.58
2020-10-28,QDEL,buy,L,263.79
2020-10-28,TMO,buy,L,476.71
2020-10-28,TSLA,buy,D,406.02
2020-10-28,UPS,buy,I,155.78
2020-10-29,DXCM,buy,D,335.29
2020-10-29,ELY,buy,L,15.2
2020-10-29,ETSY,buy,I,132.42
2020-10-29,FRT,positive,L,69.31
2020-10-29,FSLY,positive,I,68.38
2020-10-29,LLY,buy,D,132.55
2020-10-29,LPSN,buy,I,57.15
2020-10-29,MPLX,sell,L,17.02
2020-10-29,MRK,buy,D,75.89
2020-10-29,NYCB,negative,L,8.19
2020-10-29,PLUG,buy,L,14.81
2020-10-29,SPG,positive,L,63.41
2020-10-29,UNH,buy,D,303.68
2020-10-29,VOYA,positive,L,48.0
2020-10-29,WKHS,sell,L,17.27
2020-10-30,AAPL,buy,D,108.86
2020-10-30,AMD,buy,L,75.29
2020-10-30,BC,buy,I,63.71
2020-10-30,CACI,buy,L,208.53
2020-10-30,CLX,positive,D,207.25
2020-10-30,CSCO,negative,L,35.9
2020-10-30,EL,buy,D,219.66
2020-10-30,EMR,positive,D,64.79
2020-10-30,ETN,positive,D,103.79
2020-10-30,FIVN,buy,I,151.72
2020-10-30,FLIR,buy,L,34.69
2020-10-30,HUM,buy,D,399.28
2020-10-30,LGIH,buy,L,106.88
2020-10-30,NVDA,buy,L,501.36
2020-10-30,PENN,negative,L,53.98
2020-10-30,PYPL,buy,D,186.13
2020-10-30,QCOM,positive,D,123.36
2020-10-30,ROKU,buy,D,202.4
2020-10-30,SWKS,positive,D,141.29
2020-10-30,TELL,buy,I,0.96
2020-10-30,TMUS,positive,D,109.57
2020-10-30,TTWO,buy,D,154.92
2020-10-30,UIS,sell,L,13.14
2020-11-02,ABT,positive,D,107.48
2020-11-02,CLX,buy,I,216.03
2020-11-02,CRSR,buy,F,22.97
2020-11-02,CRWD,buy,L,124.47
2020-11-02,DPZ,positive,D,376.03
2020-11-02,EL,positive,D,223.85
2020-11-02,FGEN,buy,L,39.2
2020-11-02,JMIA,buy,L,16.05
2020-11-02,NIO,buy,L,33.32
2020-11-02,SABR,sell,L,6.68
2020-11-02,SNOW,positive,D,252.23
2020-11-02,TGT,positive,D,154.39
2020-11-02,TSLA,positive,D,400.51
2020-11-02,WM,buy,I,110.67
2020-11-02,WMT,positive,D,140.4
2020-11-03,BIG,positive,L,48.48
2020-11-03,BMY,buy,D,61.24
2020-11-03,CNC,buy,D,64.64
2020-11-03,FSLR,buy,L,87.24
2020-11-03,FSR,buy,L,11.65
2020-11-03,GLD,buy,D,178.92
2020-11-03,GOLD,buy,D,27.78
2020-11-03,GS,buy,D,197.93
2020-11-03,LHX,buy,D,178.81
2020-11-03,MS,buy,D,51.18
2020-11-03,NVCR,buy,L,113.83
2020-11-03,RTX,buy,D,57.04
2020-11-03,RUN,negative,L,54.0
2020-11-03,TMO,buy,I,491.5
2020-11-04,AAPL,buy,D,114.95
2020-11-04,ABT,buy,D,113.53
2020-11-04,AKAM,buy,I,99.34
2020-11-04,BE,sell,L,13.8
2020-11-04,BMY,buy,D,65.43
2020-11-04,CAT,negative,D,155.23
2020-11-04,CGC,buy,I,19.0
2020-11-04,CI,buy,D,210.62
2020-11-04,CNC,buy,D,63.99
2020-11-04,CRM,buy,L,250.74
2020-11-04,DKNG,buy,D,39.46
2020-11-04,DOCU,buy,L,236.77
2020-11-04,ETN,buy,L,105.9
2020-11-04,FB,buy,D,287.38
2020-11-04,FLDM,buy,D,6.8
2020-11-04,GNRC,buy,L,223.5
2020-11-04,GRWG,buy,D,18.98
2020-11-04,HOLX,buy,D,76.67
2020-11-04,IIPR,buy,D,133.58
2020-11-04,LH,buy,D,214.42
2020-11-04,LYFT,buy,D,29.19
2020-11-04,MGM,buy,D,21.44
2020-11-04,MGNI,sell,L,10.08
2020-11-04,MRK,buy,D,80.62
2020-11-04,ORCL,negative,L,56.49
2020-11-04,PENN,buy,D,59.73
2020-11-04,PKI,buy,D,138.41
2020-11-04,PZZA,buy,I,82.28
2020-11-04,QCOM,buy,D,128.97
2020-11-04,QDEL,buy,D,281.8
2020-11-04,T,buy,L,27.04
2020-11-04,TMO,buy,D,514.76
2020-11-04,UBER,buy,D,40.99
2020-11-04,UNH,buy,D,354.56
2020-11-06,AMAT,buy,D,70.53
2020-11-06,APD,positive,D,306.72
2020-11-06,BABA,buy,L,299.95
2020-11-06,BYND,buy,D,156.86
2020-11-06,CHWY,buy,L,70.32
2020-11-06,CLH,buy,I,65.01
2020-11-06,CRSR,buy,D,27.08
2020-11-06,CRWD,buy,L,141.79
2020-11-06,CSCO,buy,D,37.53
2020-11-06,CVS,buy,D,64.95
2020-11-06,DHI,positive,D,70.61
2020-11-06,DIS,negative,D,127.46
2020-11-06,FSLR,buy,L,88.27
2020-11-06,FTNT,positive,L,117.21
2020-11-06,GDRX,buy,D,50.24
2020-11-06,GTII,buy,D,0.11
2020-11-06,IDXX,buy,L,478.1
2020-11-06,IFF,buy,D,108.56
2020-11-06,INO,negative,D,10.53
2020-11-06,LMND,buy,D,61.37
2020-11-06,LOGI,buy,L,93.94
2020-11-06,MCD,buy,D,216.56
2020-11-06,MGI,negative,L,5.51
2020-11-06,NVAX,negative,D,89.86
2020-11-06,PANW,buy,L,250.03
2020-11-06,PLT,positive,L,24.61
2020-11-06,PLUG,buy,D,18.86
2020-11-06,PYPL,buy,L,202.73
2020-11-06,RKT,positive,D,21.31
2020-11-06,ROKU,buy,D,253.36
2020-11-06,SEDG,negative,L,237.51
2020-11-06,SQ,buy,D,198.08
2020-11-06,TRUP,buy,L,91.75
2020-11-06,TSLA,buy,L,429.95
2020-11-06,TTD,buy,D,819.34
2020-11-06,TTWO,buy,I,175.19
2020-11-06,TWNK,buy,I,13.53
2020-11-06,WKHS,negative,L,17.29
2020-11-09,AAPL,buy,D,116.32
2020-11-09,BA,buy,D,179.36
2020-11-09,CCL,positive,D,19.25
2020-11-09,CVX,buy,D,79.4
2020-11-09,F,positive,D,8.2
2020-11-09,FSR,positive,D,14.34
2020-11-09,GE,positive,D,8.72
2020-11-09,HBI,sell,L,12.81
2020-11-09,LHX,buy,I,185.85
2020-11-09,NCLH,positive,D,21.51
2020-11-09,NET,sell,L,64.57
2020-11-09,NIO,positive,D,44.02
2020-11-09,PANW,buy,L,252.13
2020-11-09,PFE,buy,D,39.2
2020-11-09,PII,buy,I,89.19
2020-11-09,PTON,positive,D,100.01
2020-11-09,PXD,buy,D,88.37
2020-11-09,ROKU,buy,F,221.91
2020-11-09,SRNE,sell,L,5.76
2020-11-09,TSCO,positive,L,129.6
2020-11-09,TSLA,positive,D,421.26
2020-11-09,TTD,buy,D,761.37
2020-11-09,VIAC,positive,L,29.05
2020-11-09,ZM,positive,D,413.24
2020-11-10,AAPL,buy,D,115.97
2020-11-10,AMC,negative,L,3.51
2020-11-10,BA,buy,D,188.69
2020-11-10,BYND,buy,I,125.01
2020-11-10,CARG,sell,L,22.56
2020-11-10,CPB,buy,I,47.29
2020-11-10,CSX,buy,D,91.4
2020-11-10,CVNA,buy,D,192.49
2020-11-10,DHI,positive,D,70.88
2020-11-10,ETSY,buy,D,119.43
2020-11-10,F,buy,D,8.38
2020-11-10,FB,positive,D,272.43
2020-11-10,HD,buy,D,275.57
2020-11-10,HON,buy,D,201.98
2020-11-10,JNJ,buy,D,148.28
2020-11-10,JPM,buy,D,116.52
2020-11-10,KO,buy,D,53.98
2020-11-10,LAD,buy,L,267.88
2020-11-10,MMM,buy,D,169.14
2020-11-10,NFLX,negative,D,480.24
2020-11-10,SBUX,buy,D,93.92
2020-11-10,SPG,negative,D,78.84
2020-11-10,TGT,buy,D,158.07
2020-11-10,VSTO,buy,L,20.46
2020-11-10,VZ,buy,D,61.1
2020-11-10,WDAY,negative,L,213.9
2020-11-10,YETI,negative,L,55.64
2020-11-11,AAPL,buy,F,119.49
2020-11-11,AMD,buy,L,81.28
2020-11-11,BABA,buy,L,265.65
2020-11-11,CVS,buy,L,69.51
2020-11-11,HFC,sell,L,21.3
2020-11-11,IDXX,buy,L,455.06
2020-11-11,INTC,sell,L,46.35
2020-11-11,LMND,buy,I,57.9
2020-11-11,PEIX,sell,L,5.82
2020-11-11,PLUG,positive,L,23.0
2020-11-11,RKT,buy,I,21.06
2020-11-11,TMUS,buy,L,125.15
2020-11-11,TSLA,buy,L,417.13
2020-11-11,ULTA,buy,I,255.42
2020-11-11,XPEV,sell,L,33.53
2020-11-12,AMD,buy,L,81.84
2020-11-12,AYX,buy,I,113.39
2020-11-12,BBY,positive,L,114.0
2020-11-12,BX,buy,L,54.94
2020-11-12,COST,buy,L,375.71
2020-11-12,CRM,buy,L,249.42
2020-11-12,EL,buy,D,249.49
2020-11-12,F,buy,I,8.21
2020-11-12,KODK,sell,L,6.73
2020-11-12,NKE,buy,D,126.64
2020-11-12,SYY,buy,I,68.01
2020-11-12,WMT,buy,L,148.23
2020-11-12,ZNGA,positive,L,8.18
2020-11-13,BILL,buy,I,95.24
2020-11-13,CCL,sell,L,16.01
2020-11-13,FL,negative,D,37.24
2020-11-13,FRT,buy,L,88.47
2020-11-13,GOLD,buy,L,25.89
2020-11-13,GRWG,buy,I,25.52
2020-11-13,HD,buy,D,277.17
2020-11-13,KSS,negative,D,24.26
2020-11-13,LHX,buy,L,194.3
2020-11-13,LMT,positive,L,375.14
2020-11-13,LOW,buy,D,159.23
2020-11-13,LVS,positive,L,58.28
2020-11-13,M,negative,D,7.36
2020-11-13,MAC,sell,L,8.81
2020-11-13,NCLH,buy,L,20.06
2020-11-13,NIO,sell,D,44.56
2020-11-13,NKE,buy,D,128.28
2020-11-13,NVDA,buy,D,531.88
2020-11-13,PANW,buy,D,258.7
2020-11-13,SPG,buy,L,74.7
2020-11-13,TGT,buy,D,162.88
2020-11-13,TJX,positive,D,59.63
2020-11-13,TSLA,buy,D,408.5
2020-11-13,TSN,negative,D,62.35
2020-11-13,VG,buy,L,12.87
2020-11-13,WDAY,positive,D,222.0
2020-11-13,WMT,buy,D,150.54
2020-11-13,WYNN,buy,L,92.19
2020-11-16,AAPL,positive,D,120.3
2020-11-16,BA,positive,D,202.4
2020-11-16,COST,buy,D,379.79
2020-11-16,CRSR,buy,I,30.26
2020-11-16,CVS,buy,D,73.47
2020-11-16,DIS,buy,D,144.67
2020-11-16,DRI,buy,D,110.08
2020-11-16,GLW,buy,D,36.98
2020-11-16,HON,buy,D,208.59
2020-11-16,IEP,sell,L,53.07
2020-11-16,MCK,buy,D,183.66
2020-11-16,NKE,positive,D,130.11
2020-11-16,PANW,buy,I,278.5
2020-11-16,PSTH,sell,L,23.9
2020-11-16,SBUX,positive,D,97.78
2020-11-16,UPS,buy,D,168.44
2020-11-16,VIAC,buy,L,31.9
2020-11-16,WHR,buy,L,188.6
2020-11-17,AMAT,buy,F,74.37
2020-11-17,BA,buy,D,210.05
2020-11-17,CVS,positive,D,67.14
2020-11-17,FB,buy,L,275.0
2020-11-17,HD,positive,D,272.47
2020-11-17,HON,buy,D,205.33
2020-11-17,KLAC,buy,F,241.84
2020-11-17,LI,positive,L,35.05
2020-11-17,LRCX,buy,F,431.93
2020-11-17,MCFE,sell,L,17.0
2020-11-17,RIDE,buy,I,24.7
2020-11-17,ROK,buy,I,241.32
2020-11-17,SNOW,positive,L,248.03
2020-11-17,WMT,positive,D,149.37
2020-11-18,BHVN,buy,I,98.24
2020-11-18,BYND,positive,L,134.01
2020-11-18,CVNA,buy,L,224.18
2020-11-18,DKNG,buy,L,47.68
2020-11-18,F,buy,D,8.82
2020-11-18,GE,buy,D,9.73
2020-11-18,LAD,buy,L,274.11
2020-11-18,MGM,negative,L,26.91
2020-11-18,PLUG,buy,F,23.22
2020-11-18,TDOC,buy,I,181.87
2020-11-18,TTCF,negative,L,16.83
2020-11-18,TXN,buy,L,153.55
2020-11-18,VRM,sell,L,35.77
2020-11-18,WYNN,buy,L,95.64
2020-11-19,COST,buy,D,383.54
2020-11-19,CSCO,buy,L,41.17
2020-11-19,FREQ,buy,L,24.15
2020-11-19,HD,buy,D,270.93
2020-11-19,NOW,buy,D,514.33
2020-11-19,OKTA,buy,D,232.45
2020-11-19,PEIX,sell,L,5.62
2020-11-19,PLUG,buy,L,23.79
2020-11-19,PYPL,buy,D,190.9
2020-11-19,RNG,buy,D,296.9
2020-11-19,ROKU,buy,D,255.67
2020-11-19,RXT,sell,L,16.17
2020-11-19,SQ,buy,D,191.66
2020-11-19,TCS,buy,I,10.38
2020-11-19,TGT,buy,D,171.37
2020-11-19,TSLA,buy,D,499.27
2020-11-19,TWLO,buy,D,295.64
2020-11-19,WDAY,buy,I,230.8
2020-11-19,WKHS,buy,L,22.78
2020-11-19,WSM,buy,D,101.04
2020-11-20,ADI,buy,D,134.88
2020-11-20,AEO,buy,D,16.94
2020-11-20,BA,buy,L,199.62
2020-11-20,BBY,buy,D,119.14
2020-11-20,BMY,buy,L,61.61
2020-11-20,BURL,negative,D,232.53
2020-11-20,DE,buy,D,258.56
2020-11-20,DELL,buy,D,68.34
2020-11-20,DG,buy,D,210.23
2020-11-20,DKS,negative,D,58.51
2020-11-20,DLTR,negative,D,94.97
2020-11-20,GPS,buy,D,24.37
2020-11-20,HRL,buy,D,50.13
2020-11-20,MDT,negative,D,110.16
2020-11-20,NCLH,positive,L,19.99
2020-11-20,NCNO,buy,L,77.59
2020-11-20,RMD,buy,I,211.02
2020-11-20,RTX,buy,L,69.76
2020-11-20,SJM,negative,D,116.23
2020-11-20,VMW,buy,D,147.8
2020-11-20,WDAY,positive,D,209.4
2020-11-20,WSM,buy,I,107.71
2020-11-20,ZBRA,buy,I,354.99
2020-11-23,AAPL,buy,D,113.85
2020-11-23,AMN,buy,I,62.05
2020-11-23,BA,buy,D,211.53
2020-11-23,BLDP,negative,L,21.58
2020-11-23,BLNK,positive,L,33.62
2020-11-23,COST,buy,D,381.71
2020-11-23,CVX,buy,D,91.03
2020-11-23,DIS,buy,D,145.98
2020-11-23,FRT,buy,D,93.07
2020-11-23,GPS,buy,D,26.06
2020-11-23,HON,buy,D,204.58
2020-11-23,LB,buy,D,39.98
2020-11-23,M,buy,D,10.41
2020-11-23,MA,buy,D,332.04
2020-11-23,MCK,buy,D,173.48
2020-11-23,NCLH,buy,D,20.89
2020-11-23,NXPI,buy,D,155.91
2020-11-23,PCG,negative,L,12.7
2020-11-23,PXD,buy,D,104.5
2020-11-23,SGMO,negative,L,9.99
2020-11-23,TSLA,buy,D,521.85
2020-11-23,UAL,buy,D,40.93
2020-11-23,ULTA,buy,D,282.87
2020-11-23,UTZ,buy,I,19.55
2020-11-23,V,buy,D,208.16
2020-11-23,WMT,buy,D,150.93
2020-11-24,CBAT,negative,L,7.12
2020-11-24,CNC,buy,L,63.39
2020-11-24,CVX,buy,D,95.62
2020-11-24,DXCM,buy,L,313.32
2020-11-24,GE,buy,D,10.45
2020-11-24,HPQ,buy,I,21.75
2020-11-24,NIU,buy,D,33.1
2020-11-24,NKLA,negative,I,34.5
2020-11-24,PXD,buy,D,111.35
2020-11-24,TGH,buy,D,19.11
2020-11-30,AAPL,buy,D,119.05
2020-11-30,CMI,buy,D,231.17
2020-11-30,CNK,negative,L,15.45
2020-11-30,CVNA,buy,I,250.21
2020-11-30,DELL,buy,I,69.03
2020-11-30,ET,sell,L,6.18
2020-11-30,FB,buy,D,276.97
2020-11-30,INFO,buy,I,99.46
2020-11-30,JNJ,positive,L,144.68
2020-11-30,LIN,buy,D,256.42
2020-11-30,LMND,buy,L,69.27
2020-11-30,NFLX,buy,D,490.7
2020-11-30,NKLA,negative,D,20.41
2020-11-30,OLN,buy,L,21.89
2020-11-30,PTON,negative,L,116.35
2020-11-30,RKT,negative,L,20.72
2020-11-30,SPGI,buy,I,351.78
2020-11-30,TSLA,buy,F,567.6
2020-12-01,AAPL,buy,D,122.72
2020-12-01,CRM,buy,I,241.35
2020-12-01,FB,buy,D,286.55
2020-12-01,FDX,buy,D,287.76
2020-12-01,KMI,sell,L,14.1
2020-12-01,MU,buy,D,67.08
2020-12-01,NFLX,buy,D,504.58
2020-12-01,NTNX,sell,L,27.8
2020-12-01,ROKU,buy,L,285.71
2020-12-01,SBE,sell,F,29.35
2020-12-01,SNAP,positive,L,44.5
2020-12-01,WFC,positive,L,28.06
2020-12-01,ZM,buy,D,406.31
2020-12-02,AXP,buy,D,122.33
2020-12-02,BA,buy,D,223.85
2020-12-02,CVX,buy,D,89.87
2020-12-02,DIS,buy,D,153.61
2020-12-02,EBS,buy,L,81.95
2020-12-02,GRWG,negative,L,35.43
2020-12-02,IPG,buy,L,23.2
2020-12-02,JMIA,negative,L,32.7
2020-12-02,PVH,buy,I,83.29
2020-12-02,PXD,buy,D,101.53
2020-12-02,UAL,buy,D,46.73
2020-12-02,XPO,buy,I,110.01
2020-12-07,ACAD,positive,L,53.38
2020-12-07,APG,buy,I,16.72
2020-12-07,BE,negative,L,27.63
2020-12-07,CYRX,sell,L,50.48
2020-12-07,DPZ,buy,L,384.55
2020-12-07,FLWS,sell,L,23.28
2020-12-07,GILD,sell,L,60.83
2020-12-07,LEN,buy,L,76.33
2020-12-07,LI,positive,L,31.49
2020-12-07,NCLH,positive,D,26.5
2020-12-07,NIO,negative,L,45.11
2020-12-07,NOW,buy,I,533.25
2020-12-07,VRT,buy,L,19.39
2020-12-08,CHWY,buy,I,79.15
2020-12-08,DGX,positive,L,124.09
2020-12-08,ETSY,buy,D,163.97
2020-12-08,HAIN,buy,I,38.18
2020-12-08,HBI,negative,L,14.01
2020-12-08,LH,buy,L,202.1
2020-12-08,NFLX,buy,D,512.66
2020-12-08,OKTA,buy,D,251.13
2020-12-08,PACB,sell,L,22.52
2020-12-08,PVH,buy,L,91.68
2020-12-08,PYPL,buy,D,216.94
2020-12-08,ROKU,buy,D,306.13
2020-12-08,SE,negative,L,205.87
2020-12-08,SNOW,buy,D,390.0
2020-12-08,TSLA,buy,D,649.88
2020-12-08,ZM,buy,D,412.0
2020-12-09,BILL,buy,L,132.0
2020-12-09,CLH,buy,L,74.33
2020-12-09,COUP,buy,L,307.3
2020-12-09,CVX,buy,I,90.44
2020-12-09,DASH,negative,F,189.51
2020-12-09,DXCM,buy,I,333.39
2020-12-09,MTCH,buy,L,143.52
2020-12-09,REGI,sell,L,58.39
2020-12-09,SLB,negative,L,23.37
2020-12-10,ABNB,positive,D,144.71
2020-12-10,AQB,positive,L,7.0
2020-12-10,CAKE,buy,L,38.11
2020-12-10,CVS,buy,L,72.21
2020-12-10,DASH,positive,D,186.0
2020-12-10,DIS,buy,L,154.69
2020-12-10,EW,buy,I,86.74
2020-12-10,FB,positive,D,277.12
2020-12-10,FUBO,negative,L,28.9
2020-12-10,QS,sell,D,76.61
2020-12-10,SFIX,buy,I,59.21
2020-12-10,SNOW,positive,D,373.28
2020-12-10,TSLA,buy,D,627.07
2020-12-11,ABBV,buy,D,106.34
2020-12-11,ACN,buy,D,245.83
2020-12-11,AZEK,buy,F,35.06
2020-12-11,BABA,buy,L,264.54
2020-12-11,BMY,buy,L,60.72
2020-12-11,CHWY,buy,D,85.11
2020-12-11,DRI,positive,D,112.72
2020-12-11,ELAN,buy,D,28.65
2020-12-11,FDX,positive,D,289.47
2020-12-11,FSLY,negative,L,95.69
2020-12-11,GIS,buy,D,59.32
2020-12-11,HPQ,buy,L,23.11
2020-12-11,INSG,buy,I,13.76
2020-12-11,JBL,buy,D,39.62
2020-12-11,JD,buy,L,82.61
2020-12-11,LEN,positive,D,72.76
2020-12-11,MLHR,negative,D,38.15
2020-12-11,MRNA,positive,D,156.93
2020-12-11,NKE,buy,D,137.41
2020-12-11,NNDM,negative,L,6.14
2020-12-11,NVDA,buy,L,520.53
2020-12-11,RAD,positive,D,18.46
2020-12-11,TYG,positive,L,21.92
2020-12-11,UAL,positive,L,48.36
2020-12-11,VTRS,negative,L,17.34
2020-12-14,AMRN,positive,L,5.09
2020-12-14,APPN,sell,L,144.18
2020-12-14,BABA,buy,L,256.03
2020-12-14,BBBY,buy,L,18.87
2020-12-14,CVX,negative,D,89.44
2020-12-14,DIS,negative,D,169.3
2020-12-14,DKS,buy,L,52.86
2020-12-14,HOME,buy,L,15.21
2020-12-14,LDL,buy,I,29.47
2020-12-14,LVS,buy,D,56.53
2020-12-14,MGM,buy,D,29.51
2020-12-14,NCLH,negative,D,25.41
2020-12-14,NFLX,buy,D,522.42
2020-12-14,OXY,negative,D,19.17
2020-12-14,PE,sell,L,14.01
2020-12-14,PIC,buy,L,15.6
2020-12-14,PTON,buy,D,121.91
2020-12-14,PXD,buy,L,113.11
2020-12-14,QS,positive,I,56.1
2020-12-14,SPWH,negative,L,11.57
2020-12-14,VXRT,sell,L,7.72
2020-12-14,WYNN,buy,D,107.54
2020-12-14,XOM,negative,D,42.22
2020-12-14,XPEV,sell,L,47.17
2020-12-14,YUM,negative,L,105.5
2020-12-15,AAPL,buy,F,127.88
2020-12-15,AVTR,buy,I,27.44
2020-12-15,COST,buy,D,371.88
2020-12-15,DY,buy,L,75.74
2020-12-15,GLSI,sell,L,52.9
2020-12-15,HD,positive,L,267.98
2020-12-15,LOW,buy,L,163.33
2020-12-15,LULU,buy,I,356.07
2020-12-15,NKE,positive,D,139.39
2020-12-15,RNG,buy,I,353.08
2020-12-15,SIRI,buy,L,6.39
2020-12-15,TGT,buy,D,171.41
2020-12-15,TM,buy,L,152.85
2020-12-15,TRIT,buy,L,12.55
2020-12-15,UBER,negative,L,51.0
2020-12-15,WMT,buy,D,145.58
2020-12-15,WSM,positive,D,110.45
2020-12-16,AMD,buy,D,96.85
2020-12-16,AVGO,buy,D,424.9
2020-12-16,BA,buy,I,225.87
2020-12-16,DM,negative,L,17.13
2020-12-16,F,buy,L,9.04
2020-12-16,HCA,buy,L,161.56
2020-12-16,HD,buy,D,269.59
2020-12-16,HPQ,buy,L,23.98
2020-12-16,INTC,sell,D,51.12
2020-12-16,LOW,buy,D,163.2
2020-12-16,LULU,buy,D,363.1
2020-12-16,MP,buy,I,28.23
2020-12-16,MRVL,buy,L,45.31
2020-12-16,MU,buy,D,72.99
2020-12-16,NVDA,buy,D,529.7
2020-12-16,OKTA,buy,I,259.93
2020-12-16,PLUG,buy,L,28.46
2020-12-16,PRTY,sell,L,5.84
2020-12-16,QCOM,buy,D,149.74
2020-12-16,QRVO,buy,D,159.0
2020-12-16,SWK,buy,D,179.44
2020-12-16,SWKS,buy,D,147.54
2020-12-17,ACN,buy,F,264.47
2020-12-17,BA,buy,F,221.24
2020-12-17,CSCO,buy,L,44.82
2020-12-17,CVS,buy,L,69.59
2020-12-17,DOCU,buy,L,247.0
2020-12-17,HD,buy,L,273.97
2020-12-17,HOME,buy,I,16.47
2020-12-17,KBAL,negative,L,12.21
2020-12-17,KTOS,buy,L,25.09
2020-12-17,LEN,buy,F,79.95
2020-12-17,LOW,buy,L,163.54
2020-12-17,LUV,buy,L,46.39
2020-12-17,MCK,buy,L,172.91
2020-12-17,SAVE,positive,L,26.57
2020-12-17,SITE,buy,L,150.85
2020-12-17,VEEV,buy,I,279.89
2020-12-18,ABNB,buy,D,157.3
2020-12-18,CAT,negative,L,180.96
2020-12-18,DASH,positive,D,166.35
2020-12-18,DE,buy,L,270.7
2020-12-18,FCX,buy,L,24.63
2020-12-18,JPM,buy,D,119.08
2020-12-18,KMX,buy,D,98.25
2020-12-18,LAZR,buy,L,27.62
2020-12-18,MRNA,positive,D,140.23
2020-12-18,MTZ,buy,L,66.08
2020-12-18,NET,buy,I,83.81
2020-12-18,NKE,buy,D,137.28
2020-12-18,PFE,positive,D,37.68
2020-12-18,PIC,buy,F,15.32
2020-12-18,SNOW,buy,D,334.25
2020-12-18,TSLA,buy,F,695.0
2020-12-18,TUP,sell,L,31.46
2020-12-18,VLDR,buy,L,20.07
2020-12-18,WFC,buy,L,29.01
2020-12-21,AGCO,buy,I,103.27
2020-12-21,C,buy,D,61.23
2020-12-21,CIM,sell,L,10.44
2020-12-21,CODX,negative,L,11.45
2020-12-21,DG,buy,D,210.96
2020-12-21,GS,buy,D,256.98
2020-12-21,HD,buy,D,270.99
2020-12-21,JPM,buy,D,123.55
2020-12-21,LOW,buy,D,164.33
2020-12-21,MS,buy,D,67.83
2020-12-21,MSFT,buy,D,222.59
2020-12-21,NKE,buy,D,144.02
2020-12-21,NUE,buy,L,54.14
2020-12-21,ON,buy,L,31.58
2020-12-21,PTON,buy,D,144.39
2020-12-21,ROKU,buy,D,354.0
2020-12-21,SNOW,buy,D,349.85
2020-12-21,THO,buy,I,99.92
2020-12-21,TMO,buy,L,462.88
2020-12-21,X,sell,L,17.38
2020-12-21,ZS,buy,L,199.62
2020-12-22,AAPL,buy,D,131.88
2020-12-22,CRM,buy,L,231.17
2020-12-22,CRSP,buy,L,170.08
2020-12-22,EPD,sell,L,20.18
2020-12-22,EXAS,buy,L,142.12
2020-12-22,GM,buy,L,40.9
2020-12-22,GT,sell,L,10.01
2020-12-22,HYLN,buy,L,17.22
2020-12-22,ILMN,buy,L,370.96
2020-12-22,LMT,buy,L,347.92
2020-12-22,TCS,buy,I,12.04
2020-12-22,TSLA,buy,D,640.34
2020-12-22,TWLO,buy,I,370.75
2020-12-22,WISH,negative,L,22.19
2021-01-04,ABBV,buy,D,105.41
2021-01-04,AMD,buy,D,92.3
2021-01-04,BA,buy,D,202.72
2021-01-04,BMY,buy,L,61.38
2021-01-04,BTG,positive,L,5.92
2021-01-04,CAT,buy,D,182.15
2021-01-04,CHKP,buy,L,129.88
2021-01-04,CVS,buy,D,69.99
2021-01-04,DLTR,buy,D,106.94
2021-01-04,GOLD,buy,L,24.62
2021-01-04,GS,buy,D,265.0
2021-01-04,HD,buy,D,263.92
2021-01-04,LOW,buy,D,160.38
2021-01-04,MA,buy,D,351.49
2021-01-04,MCK,buy,D,174.43
2021-01-04,MS,buy,D,68.33
2021-01-04,NK,buy,L,13.73
2021-01-04,NVDA,buy,D,524.54
2021-01-04,OKTA,buy,D,250.67
2021-01-04,PAYX,buy,I,90.36
2021-01-04,QS,buy,D,49.96
2021-01-04,SBE,positive,D,36.78
2021-01-04,T,sell,L,29.44
2021-01-04,VMW,buy,I,138.68
2021-01-04,ZM,buy,D,359.98
2021-01-05,ABBV,buy,D,106.5
2021-01-05,AEP,buy,D,81.43
2021-01-05,BGS,buy,D,26.72
2021-01-05,CRSP,negative,D,160.62
2021-01-05,CVX,buy,D,87.0
2021-01-05,D,buy,D,73.0
2021-01-05,DKNG,negative,D,47.58
2021-01-05,DOCU,buy,D,228.5
2021-01-05,DOW,buy,D,55.8
2021-01-05,ETR,buy,D,96.7
2021-01-05,GOOD,sell,L,17.73
2021-01-05,HA,sell,L,18.02
2021-01-05,IBM,buy,D,126.14
2021-01-05,JNJ,positive,D,158.34
2021-01-05,KMB,negative,D,133.54
2021-01-05,KMI,buy,D,13.9
2021-01-05,KO,negative,D,52.18
2021-01-05,MRNA,sell,D,109.18
2021-01-05,OPEN,buy,L,25.6
2021-01-05,PENN,negative,D,86.98
2021-01-05,PFE,negative,D,37.19
2021-01-05,PLNT,buy,I,74.77
2021-01-05,PTON,sell,D,148.53
2021-01-05,PYPL,buy,D,234.91
2021-01-05,SQ,sell,D,229.75
2021-01-05,T,negative,D,29.26
2021-01-05,TSLA,positive,D,735.11
2021-01-05,TTCF,buy,L,23.6
2021-01-05,VZ,buy,D,58.58
2021-01-07,ADBE,buy,L,477.74
2021-01-07,ADSK,buy,L,315.2
2021-01-07,BBBY,buy,I,18.73
2021-01-07,BHVN,buy,L,86.27
2021-01-07,BIGC,negative,L,65.63
2021-01-07,CCI,buy,L,152.45
2021-01-07,CVX,buy,D,90.22
2021-01-07,DKNG,buy,L,49.77
2021-01-07,GNOG,sell,L,20.17
2021-01-07,INSG,buy,L,13.97
2021-01-07,KMI,buy,D,14.6
2021-01-07,PLUG,buy,I,47.29
2021-01-07,PXD,buy,D,131.99
2021-01-07,QS,buy,D,62.0
2021-01-07,STZ,buy,I,228.87
2021-01-07,TSLA,buy,D,816.04
2021-01-08,ABBV,buy,D,107.27
2021-01-08,AIV,sell,L,4.87
2021-01-08,AMD,buy,D,94.58
2021-01-08,BABA,buy,L,236.19
2021-01-08,BMY,buy,D,62.49
2021-01-08,CVS,buy,D,74.86
2021-01-08,DE,positive,L,293.91
2021-01-08,DHR,positive,D,243.49
2021-01-08,EBS,buy,D,97.23
2021-01-08,FUBO,negative,D,27.31
2021-01-08,GRWG,negative,L,45.32
2021-01-08,JNJ,buy,D,160.04
2021-01-08,JPM,buy,D,136.02
2021-01-08,KBH,buy,D,33.04
2021-01-08,LMND,negative,D,160.74
2021-01-08,MRNA,buy,D,112.75
2021-01-08,MSFT,buy,D,219.62
2021-01-08,MU,buy,I,77.42
2021-01-08,PFE,buy,D,37.13
2021-01-08,PLUG,buy,F,53.78
2021-01-08,REGN,buy,D,498.73
2021-01-08,SNOW,negative,D,300.1
2021-01-08,TDOC,buy,D,227.78
2021-01-08,WBA,buy,D,45.21
2021-01-08,WFC,negative,D,33.19
2021-01-11,BA,buy,D,206.79
2021-01-11,BBY,buy,D,110.78
2021-01-11,BCRX,negative,L,7.51
2021-01-11,BLUE,buy,L,50.4
2021-01-11,BMY,buy,I,64.97
2021-01-11,EBS,buy,I,98.89
2021-01-11,F,buy,D,9.3
2021-01-11,GE,buy,L,11.45
2021-01-11,HD,buy,D,271.23
2021-01-11,LOW,buy,D,166.32
2021-01-11,MDT,buy,I,118.5
2021-01-11,SBUX,buy,L,104.6
2021-01-11,SPWR,positive,L,29.65
2021-01-11,TSLA,buy,F,811.19
2021-01-11,UBER,buy,L,54.59
2021-01-12,AAPL,buy,L,128.8
2021-01-12,CAT,positive,D,197.54
2021-01-12,CRSR,negative,L,41.99
2021-01-12,DRI,positive,D,127.33
2021-01-12,F,buy,L,9.78
2021-01-12,FCAU,buy,L,17.88
2021-01-12,GM,buy,L,47.82
2021-01-12,KAR,buy,I,20.75
2021-01-12,KODK,sell,L,8.05
2021-01-12,KSS,positive,D,45.21
2021-01-12,LLY,buy,D,178.8
2021-01-12,M,positive,D,12.97
2021-01-12,MDT,buy,D,117.29
2021-01-12,MSTR,buy,L,514.24
2021-01-12,NNOX,negative,L,51.75
2021-01-12,PACB,buy,L,33.24
2021-01-12,PLUG,positive,D,66.02
2021-01-12,TSLA,positive,D,849.44
2021-01-13,AMD,buy,F,91.78
2021-01-13,CCIV,buy,L,16.72
2021-01-13,CSCO,buy,L,45.36
2021-01-13,ET,sell,L,7.24
2021-01-13,HAL,positive,L,21.57
2021-01-13,INTC,negative,D,56.95
2021-01-13,KMI,buy,L,15.31
2021-01-13,MRNA,buy,F,124.06
2021-01-13,PLUG,buy,F,69.5
2021-01-13,TGTX,buy,I,53.09
2021-01-13,ZTS,buy,I,161.95
2021-01-14,AFRM,positive,D,114.94
2021-01-14,BBBY,positive,D,27.34
2021-01-14,BLDP,positive,L,34.55
2021-01-14,BYND,positive,D,142.47
2021-01-14,CRM,buy,L,215.6
2021-01-14,CSCO,buy,I,45.15
2021-01-14,DAL,positive,D,41.47
2021-01-14,GME,positive,D,39.91
2021-01-14,HON,buy,I,208.61
2021-01-14,NGA,buy,D,32.75
2021-01-14,OXY,positive,L,24.24
2021-01-14,PEP,buy,D,141.76
2021-01-14,PLUG,buy,L,66.54
2021-01-14,POSH,positive,D,101.5
2021-01-14,RMO,buy,L,22.0
2021-01-14,SIG,buy,I,41.39
2021-01-14,TSM,positive,D,126.45
2021-01-14,WOOF,positive,D,29.4
2021-01-15,AAPL,buy,D,127.14
2021-01-15,AMT,sell,L,219.89
2021-01-15,BA,buy,L,204.32
2021-01-15,BAC,negative,D,33.01
2021-01-15,CCI,buy,D,157.25
2021-01-15,CSX,buy,D,93.42
2021-01-15,F,buy,L,9.83
2021-01-15,GM,buy,L,49.97
2021-01-15,GS,buy,D,301.01
2021-01-15,IBM,positive,D,128.39
2021-01-15,INSG,buy,D,14.12
2021-01-15,INTC,positive,D,57.58
2021-01-15,MRVL,buy,D,50.77
2021-01-15,MS,buy,D,75.24
2021-01-15,NFLX,negative,D,497.98
2021-01-15,OPK,negative,L,4.55
2021-01-15,PG,buy,D,134.78
2021-01-15,QCOM,buy,D,157.09
2021-01-15,ROKU,buy,D,408.3
2021-01-15,SLB,negative,D,24.91
2021-01-15,SPGI,buy,L,305.95
2021-01-15,SURF,buy,L,12.3
2021-01-15,SWKS,buy,D,152.0
2021-01-15,TMUS,buy,D,127.28
2021-01-15,TSLA,buy,L,826.16
2021-01-15,TSM,buy,D,125.23
2021-01-15,UAL,negative,L,43.89
2021-01-15,UNH,buy,D,351.3
2021-01-15,UNP,negative,D,216.6
2021-01-15,UPST,buy,I,56.0
2021-01-19,AAPL,buy,D,127.83
2021-01-19,BAC,buy,D,32.77
2021-01-19,CCX,positive,L,10.65
2021-01-19,CGC,buy,L,33.56
2021-01-19,CIIC,buy,L,28.79
2021-01-19,DD,buy,D,84.46
2021-01-19,DIS,buy,D,172.26
2021-01-19,DKNG,buy,L,51.29
2021-01-19,EMR,positive,D,83.43
2021-01-19,FUBO,negative,L,30.74
2021-01-19,GS,buy,D,294.2
2021-01-19,JPM,buy,D,138.04
2021-01-19,LOGI,buy,I,97.73
2021-01-19,MA,negative,D,325.94
2021-01-19,MMM,negative,D,169.12
2021-01-19,NFLX,buy,D,501.77
2021-01-19,NKE,buy,D,139.27
2021-01-19,NNDM,negative,L,10.94
2021-01-19,PENN,buy,L,100.42
2021-01-19,PPG,buy,D,145.04
2021-01-19,PVH,buy,D,97.32
2021-01-19,PWR,negative,L,78.25
2021-01-19,RL,buy,D,107.25
2021-01-19,UNP,positive,D,215.28
2021-01-20,AAPL,buy,F,132.03
2021-01-20,BFT,buy,L,17.47
2021-01-20,CNC,buy,D,62.42
2021-01-20,CVS,buy,D,75.25
2021-01-20,DIS,buy,D,173.64
2021-01-20,FUBO,negative,D,30.15
2021-01-20,GOEV,positive,L,17.36
2021-01-20,GRTS,buy,I,25.49
2021-01-20,MS,buy,D,74.84
2021-01-20,NFLX,buy,D,586.34
2021-01-20,PANW,buy,D,370.55
2021-01-20,PLTR,buy,L,26.34
2021-01-20,PUBM,negative,D,34.5
2021-01-20,REGI,buy,I,91.26
2021-01-20,RKT,negative,L,19.87
2021-01-20,ROKU,positive,D,428.5
2021-01-20,TSLA,buy,D,850.45
2021-01-20,TTD,buy,D,810.99
2021-01-20,WKHS,negative,L,23.33
2021-01-20,ZM,buy,D,382.8
2021-01-21,AAPL,buy,D,136.87
2021-01-21,AAXN,buy,I,162.54
2021-01-21,CLOV,negative,L,13.59
2021-01-21,CNC,buy,L,62.75
2021-01-21,COST,buy,D,362.8
2021-01-21,DRI,buy,D,124.96
2021-01-21,F,buy,D,11.53
2021-01-21,GDRX,buy,L,42.72
2021-01-21,HD,buy,D,279.05
2021-01-21,HPQ,buy,D,25.36
2021-01-21,KMX,buy,D,120.29
2021-01-21,LOW,buy,D,172.34
2021-01-21,NIO,negative,L,58.34
2021-01-21,PPG,buy,D,143.53
2021-01-21,SBUX,buy,D,104.58
2021-01-21,SHW,buy,D,736.35
2021-01-21,SSPK,buy,I,25.45
2021-01-21,TGT,buy,D,191.27
2021-01-21,TREX,buy,D,95.19
2021-01-21,TSLA,buy,L,844.99
2021-01-21,WMT,buy,D,144.85
2021-01-22,AAPL,buy,D,139.07
2021-01-22,ABT,positive,D,112.84
2021-01-22,AMD,buy,D,92.79
2021-01-22,ATOM,negative,L,32.93
2021-01-22,AXP,positive,D,126.14
2021-01-22,BA,positive,D,205.84
2021-01-22,CAT,positive,D,191.94
2021-01-22,CRDF,negative,L,10.9
2021-01-22,CVX,buy,D,91.73
2021-01-22,FB,buy,D,274.5
2021-01-22,FHN,buy,I,14.56
2021-01-22,GM,buy,D,55.4
2021-01-22,HON,buy,D,202.25
2021-01-22,JNJ,buy,D,163.55
2021-01-22,KMB,positive,D,132.21
2021-01-22,LLY,buy,D,206.14
2021-01-22,LMND,buy,L,153.49
2021-01-22,MA,positive,D,328.99
2021-01-22,MCD,positive,D,213.38
2021-01-22,MMM,positive,D,169.04
2021-01-22,MSFT,buy,D,225.95
2021-01-22,NVDA,buy,L,548.5
2021-01-22,PYPL,buy,D,252.0
2021-01-22,ROOT,negative,L,19.59
2021-01-22,SBUX,buy,D,103.91
2021-01-22,SWKS,buy,D,161.27
2021-01-22,TSLA,buy,D,846.64
2021-01-22,V,positive,D,202.02
2021-01-25,BOOT,buy,I,59.82
2021-01-25,CLII,buy,F,19.67
2021-01-25,GME,negative,D,76.79
2021-01-25,HD,buy,D,285.08
2021-01-25,KMB,buy,D,136.51
2021-01-25,NFLX,buy,D,556.78
2021-01-25,RKT,negative,D,23.19
2021-01-25,SBE,buy,F,38.68
2021-01-25,SWK,buy,D,174.99
2021-01-25,TPGY,buy,F,24.18
2021-01-25,ZM,buy,D,391.83
2021-02-01,AAPL,buy,D,134.14
2021-02-01,AMAT,buy,D,101.21
2021-02-01,AMSC,buy,L,25.53
2021-02-01,BA,buy,D,195.84
2021-02-01,BB,sell,L,14.63
2021-02-01,DIS,buy,D,170.97
2021-02-01,DKS,buy,I,68.67
2021-02-01,FCEL,sell,L,21.88
2021-02-01,GME,sell,F,225.0
2021-02-01,LEN,buy,D,84.21
2021-02-01,LRCX,buy,D,501.45
2021-02-01,OPEN,buy,L,26.25
2021-02-01,OTIS,buy,I,64.55
2021-02-01,PLUG,buy,L,63.85
2021-02-01,SBUX,buy,D,98.58
2021-02-01,SWKS,buy,D,185.79
2021-02-01,TGT,buy,D,183.57
2021-02-01,TMO,buy,I,515.47
2021-02-01,TSLA,buy,D,839.81
2021-02-01,TSM,buy,D,126.66
2021-02-01,Z,buy,L,137.05
2021-02-01,ZM,buy,D,381.93
2021-02-02,AEP,buy,L,82.11
2021-02-02,AMC,sell,D,7.82
2021-02-02,BA,buy,D,200.94
2021-02-02,BABA,buy,L,254.5
2021-02-02,DIS,buy,D,176.96
2021-02-02,ED,buy,L,70.26
2021-02-02,EH,sell,L,81.45
2021-02-02,GME,sell,D,90.0
2021-02-02,GP,negative,L,30.4
2021-02-02,NSC,buy,I,246.35
2021-02-02,UPS,buy,I,160.29
2021-02-02,WIMI,sell,L,9.11
2021-02-03,AAPL,buy,D,133.94
2021-02-03,EBAY,buy,L,58.04
2021-02-03,ELF,buy,I,22.94
2021-02-03,FB,buy,D,266.65
2021-02-03,FUTU,buy,L,118.63
2021-02-03,HOLX,buy,I,82.32
2021-02-03,MMP,sell,L,42.38
2021-02-03,MSFT,buy,D,243.0
2021-02-03,SWKS,buy,I,179.46
2021-02-03,VZ,buy,L,54.79
2021-02-04,AAPL,buy,D,137.39
2021-02-04,CLX,buy,I,191.65
2021-02-04,CNC,buy,L,60.4
2021-02-04,COST,buy,D,355.85
2021-02-04,DDD,buy,L,44.4
2021-02-04,DIS,buy,D,180.23
2021-02-04,DNMR,negative,L,48.76
2021-02-04,HD,buy,D,278.82
2021-02-04,HON,buy,D,200.59
2021-02-04,LHCG,sell,L,204.06
2021-02-04,MSFT,buy,D,242.01
2021-02-04,NKE,buy,D,140.63
2021-02-04,NLOK,negative,L,21.44
2021-02-04,PLUG,buy,F,67.67
2021-02-04,PYPL,buy,D,270.43
2021-02-04,RKT,positive,L,21.57
2021-02-04,ROK,buy,I,241.27
2021-02-04,TSLA,buy,F,849.99
2021-02-04,UPWK,buy,L,49.35
2021-02-04,WMT,buy,D,142.53
2021-02-05,BC,buy,I,89.65
2021-02-05,CGC,buy,D,42.93
2021-02-05,CSCO,buy,D,48.08
2021-02-05,DD,buy,D,75.84
2021-02-05,DIS,buy,D,181.16
2021-02-05,EL,buy,I,272.81
2021-02-05,EXPI,negative,L,134.97
2021-02-05,GM,buy,D,54.41
2021-02-05,KO,positive,D,49.65
2021-02-05,NCNO,buy,L,76.4
2021-02-05,NWL,buy,D,26.13
2021-02-05,PEN,positive,L,259.37
2021-02-05,PEP,buy,D,140.96
2021-02-05,PTON,negative,D,148.3
2021-02-05,PYPL,buy,D,269.44
2021-02-05,REGI,buy,L,98.68
2021-02-05,SNAP,buy,L,63.64
2021-02-05,SNY,buy,I,48.21
2021-02-05,SPG,positive,D,96.75
2021-02-05,TTWO,buy,D,207.49
2021-02-05,TWTR,buy,D,56.78
2021-02-05,UWMC,sell,L,9.99
2021-02-05,VXRT,sell,L,7.7
2021-02-05,ZNGA,negative,D,10.68
2021-02-08,AMD,buy,L,91.47
2021-02-08,BA,buy,D,211.95
2021-02-08,BABA,positive,L,262.59
2021-02-08,DIS,buy,D,190.0
2021-02-08,DY,buy,L,91.86
2021-02-08,GRBK,sell,L,21.49
2021-02-08,J,negative,L,109.13
2021-02-08,LEN,buy,L,95.22
2021-02-08,LIN,buy,I,257.34
2021-02-08,MLM,buy,L,300.91
2021-02-08,PHM,buy,L,49.26
2021-02-08,SHW,buy,L,724.01
2021-02-08,VERU,buy,I,13.92
2021-02-08,VMC,buy,L,154.18
2021-02-09,ASPN,buy,L,25.28
2021-02-09,BILL,buy,I,173.75
2021-02-09,BOX,positive,L,18.15
2021-02-09,CHGG,buy,I,102.35
2021-02-09,CMI,buy,L,244.98
2021-02-09,OCGN,sell,L,12.61
2021-02-09,POSH,positive,L,72.12
2021-02-09,SFIX,buy,L,84.32
2021-02-09,TTWO,buy,I,200.31
2021-02-10,CGC,positive,D,52.17
2021-02-10,FUBO,positive,L,45.85
2021-02-10,GRWG,sell,L,63.19
2021-02-10,JNPR,buy,I,25.44
2021-02-10,MAT,buy,I,18.47
2021-02-10,MGNI,buy,L,57.64
2021-02-10,MITK,buy,L,16.27
2021-02-10,QCOM,positive,L,145.5
2021-02-10,SWKS,buy,L,185.29
2021-02-10,WPRT,negative,L,11.44
2021-02-11,AMAT,buy,D,113.0
2021-02-11,AQB,buy,L,9.11
2021-02-11,BA,buy,D,210.66
2021-02-11,BMBL,buy,F,70.31
2021-02-11,DIS,buy,D,190.91
2021-02-11,HRL,buy,I,48.18
2021-02-11,IDCC,buy,L,68.2
2021-02-11,KLAC,buy,D,324.48
2021-02-11,LRCX,buy,D,572.21
2021-02-11,MTCH,buy,F,172.13
2021-02-11,NCLH,buy,D,23.77
2021-02-11,PYPL,buy,I,285.03
2021-02-11,SONO,buy,D,36.44
2021-02-11,ST,buy,L,56.27
2021-02-11,TSN,negative,L,65.34
2021-02-11,UBER,negative,D,60.71
2021-02-11,XL,negative,L,19.75
2021-02-11,ZG,buy,D,200.6
2021-02-12,ABBV,buy,L,104.44
2021-02-12,AFRM,buy,L,125.89
2021-02-12,AMAT,buy,D,116.7
2021-02-12,AZEK,buy,I,47.19
2021-02-12,BA,buy,L,210.98
2021-02-12,CVS,buy,D,74.21
2021-02-12,DD,buy,L,71.47
2021-02-12,DE,positive,D,313.0
2021-02-12,DXCM,buy,I,412.56
2021-02-12,EMR,buy,D,85.33
2021-02-12,FSLY,buy,D,102.06
2021-02-12,GE,positive,L,11.73
2021-02-12,GOLD,buy,D,22.15
2021-02-12,HON,buy,L,203.57
2021-02-12,MGA,positive,D,77.9
2021-02-12,NVDA,buy,L,598.45
2021-02-12,OXY,positive,D,25.39
2021-02-12,PXD,positive,D,132.29
2021-02-12,RING,positive,D,29.04
2021-02-12,ROKU,buy,D,468.67
2021-02-12,STPK,buy,I,39.08
2021-02-12,T,sell,L,28.8
2021-02-12,TTD,buy,D,864.0
2021-02-12,TWLO,buy,D,435.29
2021-02-12,UAVS,positive,L,14.7
2021-02-12,WMT,buy,D,144.47
2021-02-12,ZM,buy,L,433.11
2021-02-12,ZTS,buy,D,166.71
2021-02-22,AMBA,buy,L,121.41
2021-02-22,AXP,buy,D,135.95
2021-02-22,AZEK,buy,L,47.0
2021-02-22,BA,buy,D,212.88
2021-02-22,BCC,buy,L,52.06
2021-02-22,CAT,buy,D,218.06
2021-02-22,DG,buy,L,198.77
2021-02-22,DIS,buy,D,191.76
2021-02-22,EL,buy,D,285.45
2021-02-22,LLY,buy,I,200.68
2021-02-22,LUV,buy,D,54.79
2021-02-22,MA,buy,D,340.66
2021-02-22,MAR,buy,D,142.56
2021-02-22,NUE,buy,D,59.87
2021-02-22,ON,buy,I,40.44
2021-02-22,PANW,buy,I,384.35
2021-02-22,PENN,buy,D,117.82
2021-02-22,QDEL,sell,L,163.55
2021-02-22,RCL,buy,D,86.23
2021-02-22,SPG,buy,D,112.77
2021-02-22,TREX,buy,L,100.19
2021-02-22,V,buy,D,208.32
2021-02-22,WYNN,buy,D,126.75
2021-02-22,XPO,buy,L,116.55
2021-02-23,BCO,buy,I,80.86
2021-02-23,CAG,buy,I,34.97
2021-02-23,CGC,buy,L,35.31
2021-02-23,CRL,buy,I,282.98
2021-02-23,DISH,sell,L,30.95
2021-02-23,EXPI,buy,L,63.45
2021-02-23,FCEL,negative,L,17.17
2021-02-23,LAZR,negative,L,29.2
2021-02-23,QS,positive,L,55.46
2021-02-23,VRTX,buy,L,216.44
2021-02-24,ABT,buy,L,122.38
2021-02-24,ALGN,buy,D,573.26
2021-02-24,AMD,buy,L,86.94
2021-02-24,APPH,buy,D,33.48
2021-02-24,COST,buy,L,340.7
2021-02-24,DKNG,buy,D,60.28
2021-02-24,ENPH,buy,L,180.87
2021-02-24,HUBS,buy,D,518.73
2021-02-24,IPOE,buy,D,19.41
2021-02-24,ISRG,buy,D,758.71
2021-02-24,LPRO,buy,D,39.06
2021-02-24,LRCX,buy,D,596.9
2021-02-24,LULU,buy,L,317.7
2021-02-24,MP,buy,I,43.53
2021-02-24,NFLX,buy,D,553.41
2021-02-24,NOW,buy,D,551.83
2021-02-24,NVDA,buy,D,579.96
2021-02-24,PRCH,buy,D,19.43
2021-02-24,SKLZ,buy,D,32.95
2021-02-24,SPWR,sell,L,37.75
2021-02-24,STPK,buy,D,36.03
2021-02-24,TSLA,buy,D,742.02
2021-02-24,TTD,buy,D,781.04
2021-02-24,UPWK,buy,I,53.36
2021-02-24,UTZ,buy,D,25.48
2021-02-24,VRT,buy,D,20.8
2021-02-25,ABNB,buy,I,182.06
2021-02-25,CRM,buy,I,231.08
2021-02-25,FSR,buy,I,21.58
2021-02-25,MRNA,buy,L,148.38
2021-02-25,NARI,buy,L,104.85
2021-02-25,NSTG,buy,L,70.64
2021-02-25,NVDA,buy,I,532.3
2021-02-25,TWTR,buy,I,74.59
2021-02-26,AEO,positive,D,25.7
2021-02-26,ANET,buy,I,279.84
2021-02-26,COST,buy,D,331.0
2021-02-26,DLTR,buy,D,98.2
2021-02-26,FICO,positive,L,457.55
2021-02-26,FSLR,sell,L,81.02
2021-02-26,GME,sell,F,101.74
2021-02-26,JWN,positive,D,36.45
2021-02-26,KR,sell,D,32.21
2021-02-26,LDL,buy,I,34.83
2021-02-26,LMND,buy,D,125.79
2021-02-26,MSGS,buy,L,192.35
2021-02-26,NK,buy,L,32.51
2021-02-26,RKT,buy,L,21.85
2021-02-26,SNOW,buy,D,259.54
2021-02-26,TGT,buy,D,183.44
2021-02-26,TSLA,buy,L,675.5
2021-02-26,WDAY,buy,I,245.18
2021-02-26,WEN,buy,D,20.43
2021-02-26,ZM,buy,D,373.61
2021-03-01,ABNB,buy,D,196.42
2021-03-01,BYND,buy,L,147.11
2021-03-01,CRM,buy,D,217.54
2021-03-01,DIS,positive,D,194.98
2021-03-01,EW,buy,L,85.77
2021-03-01,F,buy,D,11.98
2021-03-01,FRT,buy,D,104.0
2021-03-01,FSR,buy,D,27.38
2021-03-01,JNJ,positive,D,159.32
2021-03-01,MLM,buy,I,347.56
2021-03-01,NVDA,buy,D,553.67
2021-03-01,PENN,buy,L,126.26
2021-03-01,RCL,negative,D,91.35
2021-03-01,RL,buy,D,120.34
2021-03-01,SAIL,buy,I,58.36
2021-03-01,SNAP,buy,L,67.33
2021-03-01,SQ,buy,D,241.0
2021-03-01,TTCF,sell,L,21.18
2021-03-01,TWTR,buy,D,78.06
2021-03-01,ULTA,buy,D,337.42
2021-03-02,BWA,buy,L,46.22
2021-03-02,CGC,buy,I,35.25
2021-03-02,CGNT,negative,L,30.1
2021-03-02,HYFM,sell,L,68.07
2021-03-02,INCY,negative,L,78.56
2021-03-02,JNJ,buy,I,159.02
2021-03-02,MGA,buy,L,86.37
2021-03-02,ORCL,positive,L,66.66
2021-03-02,PANW,buy,L,354.66
2021-03-02,PEG,buy,I,54.61
2021-03-02,PFE,buy,L,33.51
2021-03-02,XL,buy,I,15.95
2021-03-02,ZG,buy,L,169.01
2021-03-03,AEP,buy,I,76.32
2021-03-03,BA,buy,D,228.56
2021-03-03,BBBY,positive,D,29.03
2021-03-03,EBS,buy,I,94.73
2021-03-03,FB,buy,L,255.41
2021-03-03,FL,positive,D,51.34
2021-03-03,GRPN,buy,L,61.18
2021-03-03,MCD,positive,L,205.82
2021-03-03,NCLH,buy,D,33.13
2021-03-03,NKE,negative,D,134.26
2021-03-03,RCL,buy,D,94.48
2021-03-03,UAL,buy,D,54.57
2021-03-03,WEN,buy,I,20.12
2021-03-04,CVM,buy,L,18.32
2021-03-04,EQIX,sell,L,603.57
2021-03-04,FEYE,buy,I,18.8
2021-03-04,SPLK,buy,I,139.47
2021-03-04,WBA,sell,L,46.86
2021-03-05,AZEK,positive,D,41.91
2021-03-05,COST,buy,D,317.32
2021-03-05,CPB,negative,D,46.59
2021-03-05,DKS,buy,D,71.69
2021-03-05,EPD,positive,L,23.16
2021-03-05,GSK,negative,L,34.91
2021-03-05,JD,positive,D,90.62
2021-03-05,MMP,negative,L,44.88
2021-03-05,NTNX,buy,I,27.27
2021-03-05,OKTA,buy,I,215.96
2021-03-05,ORCL,buy,D,69.97
2021-03-05,PLTR,sell,L,23.95
2021-03-05,SFIX,positive,D,73.0
2021-03-05,T,sell,D,29.62
2021-03-05,TREX,buy,I,88.24
2021-03-05,ULTA,buy,D,333.37
2021-03-05,UMC,buy,L,8.61
2021-03-15,AMD,buy,I,82.5
2021-03-15,BYND,buy,L,148.11
2021-03-15,CCIV,positive,D,28.69
2021-03-15,CELH,buy,I,48.6
2021-03-15,EXAS,buy,L,129.57
2021-03-15,F,buy,D,13.2
2021-03-15,FSR,positive,D,22.55
2021-03-15,FVRR,buy,L,241.31
2021-03-15,GM,buy,D,57.94
2021-03-15,GME,negative,D,220.14
2021-03-15,JNJ,buy,D,160.42
2021-03-15,MA,buy,D,381.76
2021-03-15,MRNA,buy,D,143.66
2021-03-15,MSFT,buy,D,234.81
2021-03-15,PLTR,negative,L,26.79
2021-03-15,PYPL,buy,D,249.98
2021-03-15,RIDE,negative,D,16.22
2021-03-15,SKT,positive,L,17.67
2021-03-15,SNOW,buy,D,238.76
2021-03-15,SQ,buy,D,251.23
2021-03-15,TDOC,buy,L,201.24
2021-03-15,TSLA,buy,D,707.94
2021-03-15,V,buy,D,223.27
2021-03-15,XL,negative,D,13.39
2021-03-16,CCIV,buy,I,31.1
2021-03-16,CPRI,buy,D,55.65
2021-03-16,CRWD,buy,I,196.31
2021-03-16,DOW,buy,I,63.18
2021-03-16,DUK,buy,L,93.02
2021-03-16,HPE,sell,L,15.74
2021-03-16,JWN,buy,D,44.86
2021-03-16,LVMUY,buy,D,134.05
2021-03-16,MP,buy,L,43.54
2021-03-16,MRNA,positive,D,156.02
2021-03-16,TPR,buy,D,44.81
2021-03-16,TSLA,positive,D,676.88
2021-03-17,ANGI,buy,I,16.33
2021-03-17,MMYT,buy,L,38.4
2021-03-17,RPLA,buy,I,10.14
2021-03-17,SOLO,negative,L,5.71
2021-03-17,STKL,buy,L,15.2
2021-03-17,STPK,buy,L,31.99
2021-03-17,TSLA,buy,F,701.81
2021-03-17,VIAC,positive,L,92.34
2021-03-18,APPH,buy,I,21.91
2021-03-18,CHWY,buy,L,77.51
2021-03-18,LIN,buy,L,267.9
2021-03-18,MGA,buy,I,91.18
2021-03-18,OKTA,buy,L,209.04
2021-03-18,PLUG,buy,L,36.36
2021-03-18,RIDE,sell,F,13.01
2021-03-18,WSM,buy,I,161.57
2021-03-19,ADBE,positive,D,441.5
2021-03-19,BA,buy,L,255.82
2021-03-19,CPNG,positive,L,44.89
2021-03-19,DRI,buy,D,139.79
2021-03-19,GIS,positive,D,60.07
2021-03-19,GME,sell,D,200.27
2021-03-19,GRWG,buy,D,54.78
2021-03-19,LYV,buy,L,84.68
2021-03-19,MARA,sell,L,43.05
2021-03-19,NVDA,buy,L,513.83
2021-03-19,RH,buy,D,515.61
2021-03-19,SIG,buy,L,60.96
2021-03-19,TWLO,buy,I,355.8
2021-03-19,UPST,buy,I,125.28
2021-03-19,UTZ,buy,I,26.56
2021-03-22,AGCO,buy,D,143.01
2021-03-22,BA,buy,D,251.23
2021-03-22,BHVN,buy,I,72.21
2021-03-22,BNGO,positive,L,9.05
2021-03-22,CAT,buy,D,226.02
2021-03-22,CIIC,buy,I,25.65
2021-03-22,CMI,buy,D,263.48
2021-03-22,CRSP,buy,L,133.0
2021-03-22,CSIQ,negative,L,48.8
2021-03-22,CSX,buy,D,93.78
2021-03-22,DE,buy,D,371.59
2021-03-22,F,buy,D,12.85
2021-03-22,LAD,buy,L,383.0
2021-03-22,LMND,positive,L,98.6
2021-03-22,LUV,buy,D,59.46
2021-03-22,MILE,negative,L,14.35
2021-03-22,MRVL,buy,L,47.67
2021-03-22,NOK,sell,L,4.06
2021-03-22,NUE,buy,D,69.55
2021-03-22,RBLX,buy,F,70.0
2021-03-22,TSLA,positive,F,670.0
2021-03-22,UNP,buy,D,206.27
2021-03-23,AQB,buy,I,7.68
2021-03-23,BFT,sell,L,15.63
2021-03-23,COST,buy,D,340.34
2021-03-23,GTHX,positive,L,21.59
2021-03-23,PLTR,positive,L,23.26
2021-03-23,PTON,sell,L,113.35
2021-03-23,TELL,buy,L,2.36
2021-03-23,WMT,buy,D,133.94
2021-03-24,BAC,positive,L,36.9
2021-03-24,CX,buy,L,6.36
2021-03-24,DDOG,sell,L,81.26
2021-03-24,DVN,positive,L,22.34
2021-03-24,FROG,sell,L,47.63
2021-03-24,GME,sell,F,120.34
2021-03-24,NUE,buy,I,69.47
2021-03-24,STMP,sell,L,181.33
2021-03-24,UNP,buy,D,212.9
2021-03-24,UWMC,buy,I,8.13
2021-03-25,ABT,buy,L,119.05
2021-03-25,FST,buy,L,11.69
2021-03-25,GRWG,buy,I,45.73
2021-03-25,MLM,buy,F,333.23
2021-03-25,NUE,buy,F,72.82
2021-03-25,RH,buy,I,529.08
2021-03-25,SPCE,negative,L,29.58
2021-03-25,YELP,buy,L,38.39
2021-03-29,BA,buy,D,250.52
2021-03-29,DIS,buy,D,184.85
2021-03-29,DOCU,negative,L,197.4
2021-03-29,INSG,buy,I,9.25
2021-03-29,OSCR,sell,L,25.23
2021-03-29,SPWR,negative,L,29.24
2021-03-29,TDOC,positive,L,171.3
2021-03-30,AN,buy,D,94.81
2021-03-30,BA,buy,L,252.01
2021-03-30,CMA,buy,L,72.15
2021-03-30,CVNA,buy,I,254.5
2021-03-30,ERJ,sell,L,9.96
2021-03-30,HD,buy,D,304.82
2021-03-30,KMX,buy,D,135.83
2021-03-30,LAD,buy,D,399.71
2021-03-30,LOW,buy,D,190.02
2021-03-30,M,buy,I,16.57
2021-03-30,MT,sell,L,29.0
2021-03-30,MTW,buy,L,21.12
2021-03-30,NAT,negative,L,3.3
2021-03-30,NCR,buy,L,37.92
2021-03-30,NUE,buy,L,80.39
2021-03-30,RH,buy,D,600.0
2021-03-30,TSCO,buy,D,177.05
2021-03-30,VSTO,buy,I,30.67
2021-03-30,WSM,buy,D,184.0
2021-03-30,Z,buy,L,123.76
2021-03-31,AAPL,buy,D,122.15
2021-03-31,CLF,buy,D,20.11
2021-03-31,CTAS,buy,L,341.31
2021-03-31,HIMX,negative,L,13.65
2021-03-31,HYLN,negative,L,10.67
2021-03-31,MHO,buy,L,59.07
2021-03-31,NCNO,buy,I,66.72
2021-03-31,PTON,positive,D,112.44
2021-03-31,RNG,negative,D,297.88
2021-03-31,SNOW,negative,D,229.28
2021-03-31,THBR,buy,I,10.42
2021-03-31,TSCO,buy,D,177.08
2021-03-31,TSM,buy,L,118.28
2021-03-31,VIAC,sell,L,45.1
2021-03-31,Z,buy,D,129.64
2021-03-31,ZS,negative,D,171.67
2021-04-01,AMAT,buy,D,141.52
2021-04-01,AMC,buy,F,9.36
2021-04-01,CAG,buy,D,37.29
2021-04-01,CAN,sell,L,22.0
2021-04-01,CAT,buy,L,232.74
2021-04-01,KMX,negative,D,123.31
2021-04-01,LEVI,buy,D,23.69
2021-04-01,MU,buy,I,92.41
2021-04-01,PAYX,positive,D,98.76
2021-04-01,QS,buy,I,49.3
2021-04-01,STZ,positive,D,229.62
2021-04-01,TSLA,buy,L,661.75
2021-04-01,TSM,buy,L,124.8
2021-04-05,AAPL,buy,D,125.9
2021-04-05,F,buy,D,12.7
2021-04-05,FB,buy,D,308.91
2021-04-05,FSLY,buy,L,68.85
2021-04-05,GM,buy,D,61.04
2021-04-05,GOEV,negative,L,8.47
2021-04-05,MKTX,buy,I,520.0
2021-04-05,MSFT,buy,D,249.07
2021-04-05,NCLH,buy,I,29.71
2021-04-05,NFLX,buy,D,540.67
2021-04-05,NIO,negative,L,39.31
2021-04-05,PLUG,negative,L,33.44
2021-04-05,RVP,sell,L,11.98
2021-04-05,TSLA,positive,D,691.05
2021-04-05,TSM,buy,L,124.5
2021-04-06,AMT,sell,L,243.58
2021-04-06,CCI,buy,L,176.62
2021-04-06,F,buy,D,12.92
2021-04-06,GM,buy,D,61.94
2021-04-06,HON,buy,I,219.19
2021-04-06,MP,buy,L,34.14
2021-04-06,NCLH,buy,D,31.08
2021-04-06,NOW,buy,I,509.08
2021-04-06,OCGN,buy,L,6.35
2021-04-06,STZ,buy,D,236.3
2021-04-06,WMT,buy,D,140.1
2021-04-06,WYNN,buy,D,136.37
2021-04-06,YUM,buy,D,114.08
2021-04-07,AMAT,buy,I,139.14
2021-04-07,BILL,buy,L,151.47
2021-04-07,CHWY,buy,L,81.85
2021-04-07,CSCO,buy,L,51.77
2021-04-07,ELY,buy,L,27.34
2021-04-07,ETSY,buy,D,204.02
2021-04-07,FSR,buy,L,16.02
2021-04-07,HD,buy,D,312.47
2021-04-07,JNPR,negative,L,25.42
2021-04-07,KR,buy,L,37.15
2021-04-07,LOW,buy,D,193.67
2021-04-07,MKC,buy,D,89.16
2021-04-07,OKTA,buy,I,222.56
2021-04-07,PAYX,buy,I,94.81
2021-04-07,PXD,buy,L,153.53
2021-04-07,RDS.A,sell,L,40.39
2021-04-07,RH,buy,D,587.56
2021-04-07,SWK,buy,D,200.24
2021-04-07,WMT,buy,D,139.8
2021-04-07,WOOF,negative,L,21.16
2021-04-07,WSM,buy,D,178.61
2021-04-08,BA,buy,L,254.95
2021-04-08,CAT,buy,D,230.48
2021-04-08,INMD,buy,L,80.7
2021-04-08,INO,negative,L,8.8
2021-04-08,LEVI,buy,I,25.02
2021-04-08,ROKU,positive,D,372.68
2021-04-08,RPRX,positive,L,41.94
2021-04-08,STPK,buy,L,29.17
2021-04-08,STZ,buy,I,224.21
2021-04-08,VZ,buy,L,57.6
2021-04-08,WYNN,buy,I,133.49
2021-04-08,XL,sell,L,8.57
2021-04-12,BA,buy,F,249.52
2021-04-12,COST,buy,D,364.81
2021-04-12,CSCO,buy,L,51.57
2021-04-12,DRI,buy,D,143.69
2021-04-12,FCEL,sell,L,11.39
2021-04-12,GPK,sell,L,18.33
2021-04-12,HON,buy,F,228.6
2021-04-12,MSFT,buy,F,255.91
2021-04-12,NVDA,buy,F,608.36
2021-04-12,PLNT,buy,D,85.5
2021-04-12,RUTH,buy,L,24.77
2021-04-12,SBUX,buy,D,113.81
2021-04-12,T,sell,L,29.96
2021-04-12,YUM,buy,D,116.42
2021-04-13,APHA,sell,L,14.85
2021-04-13,BAC,positive,D,39.32
2021-04-13,BMBL,buy,L,59.52
2021-04-13,CME,buy,L,205.86
2021-04-13,DKNG,buy,D,59.24
2021-04-13,KRTX,positive,L,111.05
2021-04-13,LOGI,buy,D,109.49
2021-04-13,MAT,positive,D,20.35
2021-04-13,NVCR,buy,I,197.33
2021-04-13,PLUG,negative,L,29.29
2021-04-13,REGN,positive,L,477.04
2021-04-13,WY,buy,L,37.42
2021-04-14,AAPL,buy,F,132.03
2021-04-14,ABNB,buy,D,176.43
2021-04-14,AMRN,negative,L,5.11
2021-04-14,AMWL,sell,D,17.23
2021-04-14,ASAN,sell,D,33.42
2021-04-14,COIN,buy,F,328.28
2021-04-14,FROG,positive,D,51.96
2021-04-14,GDRX,buy,D,37.67
2021-04-14,GOEV,sell,F,9.16
2021-04-14,HGEN,sell,L,15.38
2021-04-14,KEYS,buy,L,143.42
2021-04-14,LMND,buy,D,88.6
2021-04-14,NCNO,positive,D,70.02
2021-04-14,NKLA,sell,F,11.75
2021-04-14,PAR,buy,I,77.75
2021-04-14,PLTR,negative,D,23.7
2021-04-14,PSFE,buy,L,13.73
2021-04-14,RBLX,buy,D,75.35
2021-04-14,REGN,buy,L,481.16
2021-04-14,RIDE,sell,F,10.86
2021-04-14,RMO,sell,F,8.9
2021-04-14,SNOW,positive,D,229.14
2021-04-14,TMDX,sell,L,29.13
2021-04-14,U,sell,D,101.12
2021-04-14,XL,sell,F,7.12
2021-04-14,XLNX,buy,L,123.61
2021-04-15,AEO,buy,I,34.33
2021-04-15,AEP,buy,L,87.81
2021-04-15,BAC,buy,D,38.74
2021-04-15,BIG,buy,L,67.39
2021-04-15,C,positive,D,72.54
2021-04-15,GS,buy,D,338.55
2021-04-15,GSK,positive,D,37.69
2021-04-15,JBLU,buy,L,20.69
2021-04-15,JMIA,sell,L,34.23
2021-04-15,JNJ,positive,D,160.39
2021-04-15,JPM,buy,D,152.17
2021-04-15,LLY,positive,D,185.92
2021-04-15,MP,negative,L,31.66
2021-04-15,NEO,buy,L,49.54
2021-04-15,OKTA,buy,D,274.25
2021-04-15,ORI,buy,L,23.52
2021-04-15,QS,positive,L,35.85
2021-04-15,TWLO,buy,D,389.89
2021-04-15,UNH,buy,D,390.01
2021-04-15,VST,sell,L,17.92
2021-04-15,WFC,positive,D,42.24
2021-04-16,ABT,buy,D,124.35
2021-04-16,AXP,buy,D,149.99
2021-04-16,BMY,buy,D,65.46
2021-04-16,DHR,buy,D,243.06
2021-04-16,DOW,buy,D,64.68
2021-04-16,FVRR,buy,L,216.17
2021-04-16,HON,buy,D,232.11
2021-04-16,IBM,negative,D,133.59
2021-04-16,IIPR,buy,L,184.94
2021-04-16,INTC,negative,D,64.75
2021-04-16,JNJ,positive,D,162.24
2021-04-16,KO,positive,D,53.68
2021-04-16,LAD,buy,L,388.03
2021-04-16,LRCX,buy,D,643.71
2021-04-16,MILE,buy,I,7.97
2021-04-16,NFLX,buy,D,546.54
2021-04-16,NUE,buy,D,79.5
2021-04-16,PG,negative,D,137.25
2021-04-16,QS,buy,I,35.52
2021-04-16,TMUS,buy,D,133.05
2021-04-16,UAL,buy,D,55.87
2021-04-16,UNFI,negative,L,35.98
2021-04-16,UNP,buy,D,222.71
2021-04-16,UPST,buy,L,104.65
2021-04-16,VZ,negative,D,58.28
2021-04-16,WIX,buy,L,295.25
2021-04-16,WWE,buy,L,56.36
2021-04-19,AEO,buy,D,35.16
2021-04-19,AGC,buy,F,13.16
2021-04-19,BAC,buy,L,39.17
2021-04-19,EXPI,positive,L,33.95
2021-04-19,GME,sell,D,164.37
2021-04-19,GPS,buy,D,32.41
2021-04-19,JPM,buy,L,152.65
2021-04-19,LB,buy,D,65.9
2021-04-19,MVIS,sell,L,10.5
2021-04-19,PENN,buy,L,93.0
2021-04-19,PFSI,positive,L,59.12
2021-04-19,RH,buy,L,641.44
2021-04-19,STZ,buy,F,237.6
2021-04-19,UWMC,buy,L,7.5
2021-04-19,WSM,buy,L,168.94
2021-04-21,AAPL,buy,D,133.5
2021-04-21,BSX,buy,L,42.31
2021-04-21,CLF,buy,L,17.05
2021-04-21,EW,buy,L,95.24
2021-04-21,FB,positive,D,301.47
2021-04-21,ISRG,buy,L,891.38
2021-04-21,KSU,buy,D,297.65
2021-04-21,MDT,buy,L,130.25
2021-04-21,MRVL,buy,I,47.48
2021-04-21,NFLX,buy,F,508.9
2021-04-21,PPG,buy,I,173.57
2021-04-21,RBC,buy,L,146.45
2021-04-21,SNAP,buy,L,58.3
2021-04-21,XM,buy,I,33.82
2021-04-22,ALGN,buy,L,615.31
2021-04-22,INSG,negative,L,8.91
2021-04-22,INTC,buy,I,62.57
2021-04-22,LAZR,positive,L,18.79
2021-04-22,MAT,buy,I,20.88
2021-04-22,NSRGY,buy,I,119.71
2021-04-22,OSCR,sell,L,22.75
2021-04-22,TTCF,buy,L,16.68
2021-04-22,UNH,buy,L,396.54
2021-04-23,AAPL,buy,D,134.32
2021-04-23,AEP,buy,I,87.7
2021-04-23,AXP,positive,D,144.33
2021-04-23,BA,positive,D,238.38
2021-04-23,CHPT,negative,L,24.38
2021-04-23,CL,negative,D,79.79
2021-04-23,CLNE,sell,L,10.39
2021-04-23,CLX,negative,D,188.54
2021-04-23,CVX,buy,D,101.55
2021-04-23,F,buy,D,12.22
2021-04-23,FB,positive,D,301.13
2021-04-23,HON,positive,D,224.5
2021-04-23,MSFT,buy,D,261.15
2021-04-23,MWK,sell,L,23.77
2021-04-23,NUE,buy,I,77.83
2021-04-23,PLTR,positive,L,23.41
2021-04-23,PSFE,buy,L,13.5
2021-04-23,PXD,buy,D,146.45
2021-04-23,RACE,buy,L,215.9
2021-04-23,SBUX,negative,D,117.56
2021-04-23,SONO,buy,L,41.34
2021-04-23,SRNE,negative,L,7.59
2021-04-23,SWBI,sell,L,17.78
2021-04-23,SWKS,buy,I,190.92
2021-04-23,TSLA,buy,D,729.4
2021-04-23,WHR,buy,L,238.94
2021-04-23,XOM,sell,D,55.57
2021-04-26,AMC,positive,D,11.5
2021-04-26,AXP,buy,D,150.34
2021-04-26,CLF,buy,I,18.93
2021-04-26,CVX,positive,L,101.52
2021-04-26,FLO,negative,L,23.84
2021-04-26,HIG,buy,I,68.69
2021-04-26,MVIS,positive,L,26.44
2021-04-26,NTRA,buy,L,115.92
2021-04-26,OTIS,buy,D,76.27
2021-04-26,SU,negative,L,20.54
2021-04-26,SWKS,buy,D,199.66
2021-04-26,TSCO,buy,I,190.95
2021-04-26,USB,positive,L,57.79
2021-04-26,VERU,buy,L,9.43
2021-04-26,WISH,buy,L,14.16
2021-04-27,AAP,buy,L,197.28
2021-04-27,AAPL,buy,D,134.39
2021-04-27,ABBV,buy,D,111.44
2021-04-27,ATVI,buy,L,91.6
2021-04-27,BABA,buy,L,235.92
2021-04-27,BIDU,buy,L,216.4
2021-04-27,CCI,buy,D,184.74
2021-04-27,CNC,buy,I,61.31
2021-04-27,COTY,positive,L,10.22
2021-04-27,CVX,buy,D,102.7
2021-04-27,DKNG,buy,L,59.13
2021-04-27,DOW,buy,D,62.65
2021-04-27,EL,buy,L,315.5
2021-04-27,ENPH,positive,L,171.1
2021-04-27,F,buy,D,12.49
2021-04-27,FUTU,sell,L,146.6
2021-04-27,GS,buy,D,346.63
2021-04-27,HON,buy,D,222.93
2021-04-27,IBM,buy,D,142.01
2021-04-27,JD,buy,L,78.46
2021-04-27,KMI,buy,D,17.0
2021-04-27,LYB,buy,D,104.91
2021-04-27,MVIS,positive,D,20.16
2021-04-27,NFLX,buy,D,505.55
2021-04-27,PFE,buy,D,38.45
2021-04-27,PXD,buy,D,151.07
2021-04-27,RKT,buy,L,22.9
2021-04-27,SPG,buy,D,122.36
2021-04-27,T,buy,D,30.77
2021-04-27,UNP,buy,D,225.73
2021-04-27,UPS,buy,D,194.13
2021-04-27,WFC,buy,D,45.09
2021-04-27,XL,sell,L,7.09
2021-04-28,AAPL,buy,D,133.58
2021-04-28,AMD,buy,D,84.02
2021-04-28,COIN,positive,L,298.05
2021-04-28,CRM,buy,I,236.88
2021-04-28,F,buy,I,12.43
2021-04-28,FB,buy,D,307.1
2021-04-28,INO,sell,L,7.08
2021-04-28,K,sell,L,62.06
2021-04-28,LESL,negative,L,29.18
2021-04-28,MDLZ,buy,L,60.88
2021-04-28,MSFT,buy,D,254.56
2021-04-28,OCGN,sell,L,11.21
2021-04-28,PLUG,sell,L,28.86
2021-04-28,POOL,buy,L,415.29
2021-04-28,SBUX,buy,D,112.4
2021-04-28,SPOT,buy,D,256.84
2021-04-28,SWK,buy,I,206.55
2021-04-28,YUM,buy,I,117.57
2021-04-29,ALGN,buy,I,604.34
2021-04-29,AVNT,negative,L,50.21
2021-04-29,CAT,buy,I,227.47
2021-04-29,DOW,buy,L,64.06
2021-04-29,DPZ,buy,I,415.98
2021-04-29,F,buy,F,11.26
2021-04-29,GE,buy,L,13.21
2021-04-29,GNW,sell,L,4.38
2021-04-29,HON,buy,L,223.9
2021-04-29,JBLU,sell,L,19.91
2021-04-29,JCOM,buy,L,122.65
2021-04-29,LUV,buy,L,62.27
2021-04-29,NGA,negative,L,18.5
2021-04-29,TSLA,buy,L,677.0
2021-04-29,VTRS,sell,L,13.36
2021-04-29,WOOF,buy,L,24.76
2021-04-30,ACAD,buy,L,20.56
2021-04-30,AMC,positive,D,10.03
2021-04-30,BC,buy,I,107.13
2021-04-30,CLX,buy,I,182.5
2021-04-30,CVS,buy,D,76.4
2021-04-30,DD,buy,D,77.11
2021-04-30,EL,buy,D,313.8
2021-04-30,FANG,positive,D,81.73
2021-04-30,GM,buy,D,57.22
2021-04-30,LMND,buy,L,90.4
2021-04-30,LOGI,buy,I,110.88
2021-04-30,MILE,negative,L,9.31
2021-04-30,MRK,negative,D,74.5
2021-04-30,PENN,positive,D,89.12
2021-04-30,PFE,positive,D,38.65
2021-04-30,PINS,negative,L,66.37
2021-04-30,PTON,positive,D,98.35
2021-04-30,PYPL,buy,D,262.29
2021-04-30,REGN,buy,D,481.3
2021-04-30,ROKU,positive,D,342.97
2021-04-30,SMG,buy,D,231.16
2021-04-30,TMUS,buy,D,132.13
2021-04-30,TWLO,buy,D,367.8
2021-04-30,UNP,buy,D,222.09
2021-04-30,VIAC,negative,D,41.02
2021-05-03,AA,buy,L,37.61
2021-05-03,AEO,buy,D,36.3
2021-05-03,AMTX,positive,L,18.01
2021-05-03,BC,buy,D,110.86
2021-05-03,COST,buy,D,379.32
2021-05-03,CWH,buy,D,44.01
2021-05-03,GPS,buy,D,35.47
2021-05-03,GRWG,buy,L,43.78
2021-05-03,HYFM,negative,L,65.39
2021-05-03,IPOE,sell,L,16.37
2021-05-03,LB,buy,D,67.63
2021-05-03,LCII,buy,D,148.59
2021-05-03,LDL,buy,I,37.11
2021-05-03,LOW,buy,D,199.2
2021-05-03,NVCR,buy,L,202.56
2021-05-03,PENN,buy,L,90.47
2021-05-03,PLTR,negative,L,22.3
2021-05-03,PVH,buy,D,116.64
2021-05-03,RH,buy,D,699.05
2021-05-03,RL,buy,D,136.31
2021-05-03,SHW,buy,L,277.91
2021-05-03,SWK,buy,D,210.57
2021-05-03,THO,buy,D,145.25
2021-05-03,VFC,buy,D,89.83
2021-05-03,WGO,buy,D,81.53
2021-05-03,WHR,buy,D,240.95
2021-05-03,WMT,buy,D,142.12
2021-05-03,XPO,buy,I,141.0
2021-05-04,AMAT,buy,L,128.72
2021-05-04,BABA,buy,L,227.9
2021-05-04,BIDU,positive,L,199.98
2021-05-04,BMY,positive,D,63.95
2021-05-04,BTI,sell,L,37.83
2021-05-04,CLF,positive,D,20.36
2021-05-04,DD,positive,D,79.5
2021-05-04,FCX,positive,D,39.22
2021-05-04,FDX,buy,D,304.28
2021-05-04,GNRC,buy,L,312.99
2021-05-04,GT,buy,I,18.28
2021-05-04,HD,buy,L,332.77
2021-05-04,IIVI,buy,L,64.56
2021-05-04,LB,buy,D,65.85
2021-05-04,LLY,buy,D,188.2
2021-05-04,LOW,buy,L,200.3
2021-05-04,MRK,positive,D,75.99
2021-05-04,NNDM,buy,L,6.98
2021-05-04,NUE,positive,D,89.66
2021-05-04,SCI,buy,L,56.71
2021-05-04,SMP,positive,L,44.15
2021-05-04,UFPI,buy,L,87.76
2021-05-04,UPS,buy,D,214.31
2021-05-04,WM,buy,D,140.88
2021-05-04,ZBRA,buy,I,470.62
2021-05-05,AAPL,buy,D,128.1
2021-05-05,BBBY,buy,I,24.39
2021-05-05,CRNC,negative,L,93.25
2021-05-05,F,buy,F,11.61
2021-05-05,FB,buy,D,315.02
2021-05-05,FSLY,sell,L,58.06
2021-05-05,MEDP,buy,L,164.04
2021-05-05,MS,buy,L,84.51
2021-05-05,MSFT,buy,D,246.47
2021-05-05,NFLX,buy,D,496.08
2021-05-05,PD,buy,I,39.01
2021-05-05,TRTN,buy,L,51.92
2021-05-05,TT,buy,I,178.72
2021-05-05,WFC,buy,L,45.94
2021-05-06,AEP,buy,L,88.12
2021-05-06,ATKR,buy,L,86.69
2021-05-06,AUPH,negative,L,12.34
2021-05-06,CAT,buy,D,237.07
2021-05-06,CHWY,buy,L,71.51
2021-05-06,CLF,buy,D,20.46
2021-05-06,CVX,positive,D,109.02
2021-05-06,ED,sell,L,77.86
2021-05-06,ERIC,negative,L,13.69
2021-05-06,ETSY,buy,I,157.68
2021-05-06,FCX,buy,D,42.07
2021-05-06,IIPR,buy,L,180.3
2021-05-06,KMI,positive,D,17.65
2021-05-06,MSGE,buy,L,86.75
2021-05-06,NOK,positive,L,4.87
2021-05-06,NUE,buy,D,95.69
2021-05-06,PING,buy,I,24.46
2021-05-06,PXD,positive,D,164.94
2021-05-06,PZZA,buy,I,100.89
2021-05-06,WOOF,buy,L,23.85
2021-05-07,AAL,positive,L,22.0
2021-05-07,ABNB,buy,D,151.21
2021-05-07,BABA,buy,D,225.31
2021-05-07,BMBL,buy,D,57.99
2021-05-07,CALX,positive,L,48.0
2021-05-07,CMCSA,buy,L,58.11
2021-05-07,CNC,buy,D,70.45
2021-05-07,COIN,negative,D,263.7
2021-05-07,DASH,buy,D,124.89
2021-05-07,DIS,buy,D,184.84
2021-05-07,DKNG,buy,D,48.42
2021-05-07,ELAN,buy,I,32.88
2021-05-07,EPD,buy,L,23.25
2021-05-07,FIS,buy,L,151.59
2021-05-07,GMBL,buy,L,11.4
2021-05-07,GRWG,buy,D,43.07
2021-05-07,HNST,buy,F,19.08
2021-05-07,LAZR,negative,L,20.84
2021-05-07,LUV,buy,L,61.66
2021-05-07,MAR,buy,D,146.69
2021-05-07,NUE,buy,D,98.76
2021-05-07,OXY,buy,D,27.39
2021-05-07,PENN,buy,D,86.62
2021-05-07,PLNT,buy,I,77.14
2021-05-07,PLTR,buy,D,19.75
2021-05-07,RBLX,negative,D,67.9
2021-05-07,RIGL,negative,L,3.38
2021-05-07,SPG,buy,D,124.94
2021-05-07,SQ,buy,L,233.35
2021-05-07,TSN,positive,D,78.82
2021-05-07,VZIO,positive,D,26.46
2021-05-07,WEN,positive,D,22.8
2021-05-10,AYX,buy,I,78.57
2021-05-10,CWH,buy,D,45.17
2021-05-10,DHI,buy,D,104.45
2021-05-10,GM,buy,D,57.41
2021-05-10,GPS,buy,D,35.66
2021-05-10,HA,positive,L,24.03
2021-05-10,HD,buy,D,341.12
2021-05-10,HOMB,buy,L,27.93
2021-05-10,LUV,buy,L,61.35
2021-05-10,MPC,buy,L,59.81
2021-05-10,NSC,buy,D,290.35
2021-05-10,NWL,buy,D,29.27
2021-05-10,PEP,buy,D,146.72
2021-05-10,PXD,buy,D,167.58
2021-05-10,RNG,buy,I,260.39
2021-05-10,TDOC,negative,L,141.05
2021-05-10,TSLA,buy,D,629.04
2021-05-10,V,buy,D,225.97
2021-05-11,ABT,buy,I,118.39
2021-05-11,AFRM,buy,I,55.45
2021-05-11,ALLY,buy,L,52.45
2021-05-11,AVGO,buy,L,440.07
2021-05-11,DISCA,negative,L,36.79
2021-05-11,EPD,buy,L,23.15
2021-05-11,ET,buy,L,9.53
2021-05-11,GOEV,sell,L,7.92
2021-05-11,GPS,buy,L,35.29
2021-05-11,HPQ,negative,D,33.59
2021-05-11,JCOM,buy,I,122.83
2021-05-11,KMI,buy,L,17.97
2021-05-11,LEVI,buy,L,29.64
2021-05-11,RBLX,buy,I,77.65
2021-05-11,TSLA,buy,D,617.2
2021-05-11,UEC,sell,L,3.04
2021-05-11,ZM,negative,D,300.25
2021-05-12,BOMN,negative,L,25.29
2021-05-12,BRK.B,buy,L,282.91
2021-05-12,FUBO,sell,L,19.38
2021-05-12,NLOK,buy,I,25.03
2021-05-12,ROKU,negative,D,308.03
2021-05-12,SI,positive,L,80.82
2021-05-12,SQ,negative,D,206.67
2021-05-12,TDOC,negative,D,140.08
2021-05-12,TSLA,negative,D,589.89
2021-05-12,WYNN,buy,I,120.91
2021-05-12,ZM,negative,D,289.7
2021-05-13,AEVA,sell,L,7.06
2021-05-13,BEP,positive,L,34.77
2021-05-13,COIN,buy,I,265.1
2021-05-13,CVX,buy,L,106.68
2021-05-13,DASH,buy,I,115.49
2021-05-13,JAZZ,buy,L,178.16
2021-05-13,PXD,buy,L,151.87
2021-05-13,SONO,buy,I,33.83
2021-05-13,SU,sell,L,22.63
2021-05-14,ABNB,buy,L,141.2
2021-05-14,ADI,positive,D,149.61
2021-05-14,AMAT,positive,D,124.83
2021-05-14,BOOT,buy,L,78.32
2021-05-14,DE,negative,D,384.0
2021-05-14,DUK,buy,D,103.06
2021-05-14,FIVN,buy,I,164.5
2021-05-14,FL,negative,D,64.6
2021-05-14,FSR,positive,D,10.5
2021-05-14,H,negative,L,79.23
2021-05-14,HD,buy,D,323.63
2021-05-14,HRL,negative,D,46.58
2021-05-14,KSS,negative,D,61.32
2021-05-14,LOW,buy,D,198.91
2021-05-14,M,negative,D,18.08
2021-05-14,MMND,negative,L,0.25
2021-05-14,PANW,buy,D,336.82
2021-05-14,RADA,negative,L,11.47
2021-05-14,RIDE,sell,D,7.33
2021-05-14,RL,buy,D,136.48
2021-05-14,RTX,buy,L,85.88
2021-05-14,SEAH,buy,L,10.12
2021-05-14,STZ,buy,I,234.44
2021-05-14,TGT,buy,D,211.16
2021-05-14,TJX,buy,D,72.43
2021-05-14,TTWO,buy,D,166.99
2021-05-14,VFC,negative,D,85.44
2021-05-14,WMT,buy,D,139.52
2021-05-14,WOOF,buy,D,24.66
2021-05-14,ZNGA,buy,L,10.23
2021-05-17,ABNB,positive,D,132.5
2021-05-17,AFL,negative,L,56.42
2021-05-17,AMD,buy,D,74.65
2021-05-17,ANTM,buy,L,393.66
2021-05-17,BYND,buy,L,102.51
2021-05-17,COIN,negative,D,248.24
2021-05-17,CRM,buy,D,215.06
2021-05-17,EBS,sell,L,60.29
2021-05-17,ETSY,negative,D,165.18
2021-05-17,GNRC,buy,I,293.95
2021-05-17,HUM,buy,L,450.46
2021-05-17,HYFM,buy,I,57.37
2021-05-17,NVDA,buy,D,566.62
2021-05-17,RBLX,positive,D,76.93
2021-05-17,ROKU,positive,D,312.43
2021-05-17,SNOW,positive,L,212.65
2021-05-17,SQ,negative,D,202.92
2021-05-17,T,negative,D,31.37
2021-05-17,THCB,negative,L,10.57
2021-05-17,UMC,buy,L,8.17
2021-05-17,UNH,buy,L,408.63
2021-05-18,ABNB,buy,D,135.02
2021-05-18,DIS,buy,D,169.68
2021-05-18,EL,buy,D,296.2
2021-05-18,HBIO,buy,L,7.32
2021-05-18,HD,positive,D,316.75
2021-05-18,HEAR,negative,L,28.83
2021-05-18,LOGI,buy,L,107.1
2021-05-18,M,positive,D,19.09
2021-05-18,MEG,buy,L,50.38
2021-05-18,NCLH,buy,D,29.23
2021-05-18,OKE,buy,L,53.98
2021-05-18,OTIS,positive,D,78.6
2021-05-18,PLUG,buy,I,27.02
2021-05-18,RIOT,positive,L,25.56
2021-05-18,RTX,buy,I,85.38
2021-05-18,SIG,buy,I,62.77
2021-05-18,T,sell,D,29.55
2021-05-18,ULTA,positive,D,326.88
2021-05-18,VIAC,negative,L,40.16
2021-05-18,WMT,positive,D,141.91
2021-05-18,WYNN,buy,D,126.14
2021-05-19,AMC,negative,D,12.64
2021-05-19,AMD,buy,D,76.23
2021-05-19,BLNK,negative,L,31.97
2021-05-19,CRNC,sell,L,82.88
2021-05-19,CSCO,buy,I,52.47
2021-05-19,CSGP,negative,L,829.06
2021-05-19,GFL,buy,I,31.93
2021-05-19,GME,negative,D,168.83
2021-05-19,GSK,negative,L,39.25
2021-05-19,LAC,sell,L,13.38
2021-05-19,MRVL,buy,L,44.51
2021-05-19,MVIS,sell,L,13.98
2021-05-19,ORCL,buy,L,78.74
2021-05-19,TGT,buy,D,219.01
2021-05-19,TTWO,buy,I,179.35
2021-05-20,AMC,negative,D,12.55
2021-05-20,BAC,buy,I,41.87
2021-05-20,CSCO,positive,D,52.85
2021-05-20,GME,negative,D,170.49
2021-05-20,GOLD,buy,I,24.81
2021-05-20,HYLN,positive,L,9.75
2021-05-20,LAD,buy,L,338.74
2021-05-20,PANW,buy,I,342.59
2021-05-20,PEP,buy,L,147.23
2021-05-20,PSFE,buy,L,12.07
2021-05-20,SFT,negative,L,7.54
2021-05-20,UTZ,sell,L,23.24
2021-05-21,AEO,buy,D,32.75
2021-05-21,BBY,negative,D,114.93
2021-05-21,BC,buy,D,99.34
2021-05-21,BIG,buy,D,64.19
2021-05-21,BOMN,sell,L,28.19
2021-05-21,COST,buy,D,380.72
2021-05-21,CRM,positive,D,222.58
2021-05-21,CVX,buy,L,104.12
2021-05-21,DELL,buy,D,98.47
2021-05-21,DG,negative,D,205.04
2021-05-21,DKS,buy,D,83.29
2021-05-21,DLTR,negative,D,108.58
2021-05-21,ERIC,buy,L,13.53
2021-05-21,GPS,buy,D,32.54
2021-05-21,INTU,buy,D,433.43
2021-05-21,JPM,positive,D,162.66
2021-05-21,MDLZ,buy,D,63.36
2021-05-21,MDT,buy,D,127.29
2021-05-21,MP,positive,L,26.49
2021-05-21,MRO,sell,L,11.6
2021-05-21,NOK,buy,L,5.05
2021-05-21,NVDA,buy,D,599.67
2021-05-21,OKTA,buy,D,238.31
2021-05-21,OPK,sell,L,3.65
2021-05-21,PXD,buy,L,150.72
2021-05-21,RIDE,sell,D,9.58
2021-05-21,SAIL,buy,I,45.05
2021-05-21,SNOW,buy,D,233.39
2021-05-21,SYY,buy,I,80.51
2021-05-21,TGT,buy,D,225.09
2021-05-21,THO,buy,D,119.31
2021-05-21,TIGR,sell,L,17.39
2021-05-21,TOL,positive,D,59.9
2021-05-21,ULTA,buy,D,316.08
2021-05-21,WDAY,buy,D,231.42
2021-05-21,WDFC,sell,L,242.2
2021-05-21,WGO,buy,D,68.95
2021-05-21,WSM,buy,D,163.0
2021-05-21,YETI,buy,F,86.58
2021-05-21,YUM,positive,D,119.71
2021-05-24,CLF,buy,L,18.56
2021-05-24,IPOE,buy,L,19.78
2021-05-24,MLM,buy,I,366.46
2021-05-24,NIO,sell,L,35.89
2021-05-24,NUE,buy,L,103.36
2021-05-24,RBLX,buy,F,89.23
2021-05-24,TSLA,buy,L,606.44
2021-05-24,UTZ,buy,I,23.47
2021-05-24,VALE,positive,L,20.61
2021-05-25,AMAT,buy,D,137.5
2021-05-25,ATVI,buy,F,96.57
2021-05-25,BA,buy,D,240.74
2021-05-25,BABA,buy,L,211.13
2021-05-25,BHP,buy,L,71.91
2021-05-25,BJ,positive,L,44.18
2021-05-25,BYND,buy,D,119.66
2021-05-25,CNC,buy,D,73.96
2021-05-25,DE,buy,D,360.69
2021-05-25,GRWG,buy,I,38.99
2021-05-25,HD,buy,D,316.75
2021-05-25,JD,positive,L,72.81
2021-05-25,LEN,buy,D,96.74
2021-05-25,LUV,buy,D,60.55
2021-05-25,M,buy,D,17.96
2021-05-25,NCLH,buy,D,31.12
2021-05-25,NOVA,negative,L,27.87
2021-05-25,NUE,buy,D,100.05
2021-05-25,RBLX,buy,F,89.32
2021-05-25,TGT,buy,D,225.3
2021-05-25,TOL,buy,D,62.02
2021-05-25,TTWO,buy,F,184.62
2021-05-25,VIRT,buy,L,28.93
2021-05-26,AAPL,buy,D,126.85
2021-05-26,AMC,positive,D,19.56
2021-05-26,BYND,buy,D,126.74
2021-05-26,CHWY,buy,L,73.96
2021-05-26,F,buy,D,13.9
2021-05-26,FB,buy,D,327.66
2021-05-26,GME,positive,D,242.56
2021-05-26,MSFT,buy,D,251.49
2021-05-26,NFLX,buy,D,502.36
2021-05-26,OKTA,buy,I,246.53
2021-05-26,RBLX,buy,D,89.71
2021-05-26,SNOW,buy,I,235.25
2021-05-26,TTD,buy,L,581.47
2021-05-26,WDAY,buy,I,237.07
2021-05-27,CLNE,sell,L,8.09
2021-05-27,CRM,buy,I,225.83
2021-05-27,GPS,buy,I,35.15
2021-05-27,HPQ,buy,I,32.1
2021-05-27,LKQ,buy,L,51.09
2021-05-27,MDLZ,buy,I,63.31
2021-05-27,SNOW,buy,D,245.15
2021-05-27,STEM,buy,L,26.0
2021-06-07,AKBA,positive,L,3.44
2021-06-07,AMC,positive,D,55.0
2021-06-07,BIIB,positive,D,395.85
2021-06-07,BLDE,sell,L,10.61
2021-06-07,EXAS,buy,L,112.06
2021-06-07,GME,negative,D,280.01
2021-06-07,IGT,buy,L,26.06
2021-06-07,MRNA,buy,L,219.57
2021-06-07,NVAX,negative,L,195.04
2021-06-07,PM,negative,L,98.56
2021-06-07,TEAM,sell,L,228.13
2021-06-07,TMUS,buy,I,143.51
2021-06-07,TW,buy,I,80.98
2021-06-08,ALGT,buy,L,218.19
2021-06-08,ATVI,buy,I,96.8
2021-06-08,BHVN,buy,I,95.36
2021-06-08,GPS,buy,L,32.25
2021-06-08,KMB,negative,L,129.72
2021-06-08,MA,buy,D,365.26
2021-06-08,PBI,negative,L,9.14
2021-06-08,THO,buy,I,115.6
2021-06-08,WEN,buy,D,28.87
2021-06-09,ATVI,buy,D,96.53
2021-06-09,CRWD,buy,I,213.95
2021-06-09,GPN,buy,L,191.95
2021-06-09,MDT,buy,L,123.11
2021-06-09,RBLX,buy,L,91.04
2021-06-09,STEM,buy,L,30.84
2021-06-09,SYK,positive,L,253.13
2021-06-09,THO,buy,D,116.26
2021-06-10,AEO,buy,D,33.3
2021-06-10,AQB,buy,L,6.2
2021-06-10,BPMP,buy,L,14.85
2021-06-10,CCIV,buy,L,25.38
2021-06-10,CHWY,buy,I,79.35
2021-06-10,CLF,buy,D,22.96
2021-06-10,CLNE,buy,D,10.99
2021-06-10,FSR,buy,L,17.6
2021-06-10,GPS,buy,D,31.31
2021-06-10,IBM,buy,L,150.54
2021-06-10,KDMN,positive,L,4.21
2021-06-10,LB,buy,D,65.52
2021-06-10,PKI,buy,I,146.11
2021-06-10,RIDE,sell,L,10.6
2021-06-10,TTD,buy,L,590.27
2021-06-10,ZIM,negative,L,44.87
2021-06-11,ADBE,buy,D,541.26
2021-06-11,CHPT,negative,L,28.72
2021-06-11,CHWY,buy,D,74.74
2021-06-11,JBL,buy,D,57.89
2021-06-11,KR,negative,D,38.71
2021-06-11,LEN,positive,D,92.74
2021-06-11,MCO,positive,L,344.74
2021-06-11,NVDA,buy,L,713.01
2021-06-11,ORCL,buy,D,82.9
2021-06-11,RH,buy,L,682.52
2021-06-11,SEAH,buy,L,10.26
2021-06-11,SPGI,buy,L,392.49
2021-06-11,SPOT,buy,L,243.66
2021-06-11,UWMC,buy,I,10.22
2021-06-11,WMT,buy,D,140.75
2021-06-14,AAPL,buy,D,130.48
2021-06-14,ADBE,buy,D,556.95
2021-06-14,AXP,buy,I,163.81
2021-06-14,CRSR,sell,D,36.0
2021-06-14,FB,buy,D,336.77
2021-06-14,JNJ,buy,L,165.37
2021-06-14,LMT,buy,L,389.11
2021-06-14,LOGI,buy,D,128.99
2021-06-14,MSFT,buy,D,259.89
2021-06-14,NFLX,buy,D,499.89
2021-06-14,OSUR,sell,L,9.51
2021-06-14,PYPL,buy,D,274.93
2021-06-14,ROKU,negative,D,364.86
2021-06-14,SQ,buy,D,230.95
2021-06-14,TWLO,negative,D,343.07
2021-06-14,VIAC,buy,L,42.63
2021-06-14,VMC,buy,L,171.73
2021-06-15,AKAM,buy,I,118.18
2021-06-15,BIIB,negative,L,396.08
2021-06-15,CVGI,buy,L,11.18
2021-06-15,CVX,buy,D,110.3
2021-06-15,GS,negative,L,371.3
2021-06-15,HEAR,negative,L,36.05
2021-06-15,JPM,positive,D,155.18
2021-06-15,LLY,sell,L,223.52
2021-06-15,LOGI,buy,L,128.56
2021-06-15,PXD,buy,D,162.09
2021-06-15,SNAP,buy,L,62.28
2021-06-15,TWLO,buy,I,335.5
2021-06-15,VRTX,buy,L,188.97
2021-06-15,XOM,buy,D,64.33
2021-06-16,ACI,buy,I,19.57
2021-06-16,AMD,buy,L,80.11
2021-06-16,BAC,buy,L,41.62
2021-06-16,CRSP,sell,L,123.91
2021-06-16,JNJ,positive,D,164.43
2021-06-16,LYB,buy,I,107.0
2021-06-16,MLM,buy,L,342.99
2021-06-16,MRNA,positive,D,197.84
2021-06-16,PFE,positive,D,39.3
2021-06-16,REGN,buy,L,523.58
2021-06-16,T,sell,L,29.06
2021-06-16,VRTX,buy,L,187.49
2021-06-17,AAPL,buy,D,131.79
2021-06-17,ABT,buy,L,111.63
2021-06-17,AMD,buy,D,84.56
2021-06-17,AZEK,buy,I,39.58
2021-06-17,CELH,buy,L,64.63
2021-06-17,CLNE,buy,I,11.12
2021-06-17,DXCM,buy,L,412.45
2021-06-17,EMN,buy,F,116.97
2021-06-17,FB,buy,D,336.51
2021-06-17,MSFT,buy,D,260.9
2021-06-17,NFLX,buy,D,498.34
2021-06-17,NVDA,buy,D,746.29
2021-06-17,PYPL,buy,D,278.11
2021-06-17,SENS,negative,L,3.62
2021-06-17,SQ,buy,D,236.13
2021-06-18,ACN,buy,D,281.25
2021-06-18,AHT,sell,L,5.09
2021-06-18,AI,negative,L,59.18
2021-06-18,AMD,buy,D,84.65
2021-06-18,FDX,positive,D,285.32
2021-06-18,GDRX,sell,L,37.63
2021-06-18,KBH,positive,D,42.48
2021-06-18,KMX,positive,D,113.16
2021-06-18,LEN,buy,D,98.17
2021-06-18,NKE,positive,D,128.41
2021-06-18,NVDA,buy,D,745.55
2021-06-18,PAYX,buy,D,102.02
2021-06-18,SOFI,buy,L,23.04
2021-06-18,VZIO,buy,L,21.21
2021-06-18,WGO,negative,D,62.53
2021-06-18,WSM,buy,L,150.93
2021-06-21,ABNB,buy,D,149.7
2021-06-21,BC,buy,D,95.62
2021-06-21,CLNE,positive,D,11.24
2021-06-21,CPB,buy,D,45.55
2021-06-21,CRNC,buy,I,111.12
2021-06-21,CVX,buy,L,106.05
2021-06-21,DAL,buy,D,45.77
2021-06-21,DIS,buy,D,173.97
2021-06-21,FDX,buy,D,293.16
2021-06-21,GEVO,buy,L,7.91
2021-06-21,GME,negative,D,200.37
2021-06-21,HON,buy,D,216.0
2021-06-21,LMT,buy,D,382.5
2021-06-21,LPX,buy,L,57.54
2021-06-21,LUV,buy,D,56.3
2021-06-21,MRO,positive,L,13.44
2021-06-21,NKLA,sell,L,16.14
2021-06-21,SESN,negative,L,4.17
2021-06-21,SVOK,buy,I,9.92
2021-06-21,THO,buy,D,108.09
2021-06-21,TTWO,buy,D,173.47
2021-06-21,UPS,buy,D,203.32
2021-06-21,WMS,positive,L,107.04
2021-06-21,WOOF,negative,D,21.8
2021-06-22,AAPL,buy,F,133.98
2021-06-22,AEO,buy,F,35.91
2021-06-22,CNHI,buy,I,16.31
2021-06-22,COST,buy,F,392.18
2021-06-22,F,buy,F,14.91
2021-06-22,GSK,positive,F,39.08
2021-06-22,LDI,negative,L,12.81
2021-06-22,MGA,buy,L,92.6
2021-06-22,QCOM,buy,L,135.08
2021-06-22,TRCH,negative,L,7.0
2021-06-22,XPO,buy,L,147.68
2021-06-23,APP,buy,F,81.49
2021-06-23,BOX,buy,I,25.21
2021-06-23,EVRI,negative,L,24.82
2021-06-23,FSLR,buy,L,80.19
2021-06-23,GAN,sell,L,17.65
2021-06-23,LEN,buy,D,96.98
2021-06-23,PPG,positive,L,169.69
2021-06-23,SNAP,buy,F,66.35
2021-06-23,STEM,buy,L,35.66
2021-06-23,STZ,buy,F,224.25
2021-06-23,TOL,buy,D,56.4
2021-06-24,ALGN,buy,D,617.39
2021-06-24,CAT,buy,D,219.34
2021-06-24,CVNA,sell,F,304.51
2021-06-24,DRI,buy,D,139.85
2021-06-24,GBOX,sell,L,12.48
2021-06-24,KMI,buy,L,18.24
2021-06-24,LLY,buy,D,232.97
2021-06-24,PYPL,buy,L,293.21
2021-06-24,QRVO,buy,D,182.89
2021-06-24,SBUX,buy,I,111.99
2021-06-24,SWKS,buy,D,177.79
2021-06-24,TSLA,buy,D,679.82
2021-06-24,URI,buy,D,316.8
2021-06-24,VMC,buy,D,175.9
2021-06-24,VSTO,buy,I,45.19
2021-06-24,VZ,buy,L,56.37
2021-06-25,AMD,buy,D,85.62
2021-06-25,AVAV,buy,D,111.61
2021-06-25,AVGO,buy,D,462.2
2021-06-25,BBBY,buy,D,28.93
2021-06-25,GIS,positive,D,59.63
2021-06-25,LOTZ,sell,L,5.62
2021-06-25,MKC,buy,D,87.28
2021-06-25,MLHR,negative,D,48.28
2021-06-25,MNKD,buy,L,4.74
2021-06-25,MU,negative,D,82.03
2021-06-25,NKE,buy,F,154.35
2021-06-25,NVDA,buy,D,761.24
2021-06-25,SKIN,buy,I,17.65
2021-06-25,STZ,buy,D,228.6
2021-06-25,TPGY,positive,L,12.19
2021-06-25,WBA,sell,D,52.16
2021-06-28,BA,negative,D,239.96
2021-06-28,BARK,positive,L,9.68
2021-06-28,BERY,buy,L,65.52
2021-06-28,CHWY,buy,L,83.0
2021-06-28,COIN,negative,L,246.69
2021-06-28,EDIT,positive,D,43.99
2021-06-28,ETSY,buy,I,198.41
2021-06-28,LSPD,buy,L,86.17
2021-06-28,MAR,negative,D,135.87
2021-06-28,NTLA,positive,D,133.43
2021-06-28,NVDA,buy,D,799.4
2021-06-28,PYPL,buy,D,293.65
2021-06-28,TSLA,buy,D,688.72
2021-06-28,WHR,buy,L,215.64
2021-06-28,XOM,negative,D,63.01
2021-06-29,ADBE,buy,L,590.75
2021-06-29,BABA,buy,L,229.44
2021-06-29,BIDU,buy,L,207.67
2021-06-29,CLX,buy,L,179.4
2021-06-29,DOCN,sell,L,54.82
2021-06-29,FB,buy,D,351.89
2021-06-29,ME,buy,L,11.52
2021-06-29,MRK,buy,D,77.21
2021-06-29,MSFT,negative,D,271.4
2021-06-29,NVDA,buy,D,801.07
2021-06-29,PAYX,buy,I,107.54
2021-06-29,RTPZ,buy,L,9.93
2021-06-30,AAPL,buy,D,136.96
2021-06-30,ADBE,buy,D,585.64
2021-06-30,AXP,buy,D,165.23
2021-06-30,DLR,buy,L,150.46
2021-06-30,ETSY,buy,D,205.84
2021-06-30,F,buy,D,14.86
2021-06-30,FB,buy,D,347.71
2021-06-30,GNRC,buy,L,415.15
2021-06-30,HAE,buy,L,66.64
2021-06-30,RH,buy,F,679.0
2021-06-30,SPCE,sell,L,46.0
2021-06-30,SQ,buy,D,243.8
2021-06-30,SRNE,negative,L,9.69
2021-06-30,STZ,buy,I,233.89
2021-06-30,WIX,buy,D,290.28
2021-06-30,ZYXI,buy,L,15.53
2021-07-06,AAPL,buy,D,142.02
2021-07-06,AI,negative,L,59.99
2021-07-06,AXP,buy,D,169.56
2021-07-06,BNGO,buy,L,6.58
2021-07-06,DIDI,sell,F,12.49
2021-07-06,DOCU,buy,D,288.18
2021-07-06,DVN,buy,D,27.84
2021-07-06,EFX,buy,D,245.89
2021-07-06,IDXX,buy,D,658.99
2021-07-06,INTU,buy,D,500.97
2021-07-06,ISRG,buy,D,948.04
2021-07-06,MAPS,buy,D,16.63
2021-07-06,MOD,buy,L,16.36
2021-07-06,MRNA,positive,D,233.34
2021-07-06,NNDM,sell,L,7.6
2021-07-06,NVDA,buy,D,827.94
2021-07-06,POOL,buy,D,464.53
2021-07-06,RDNT,buy,L,34.47
2021-07-06,SKIN,buy,D,18.86
2021-07-06,SOFI,buy,D,17.35
2021-07-06,STEM,buy,D,35.97
2021-07-07,AAPL,buy,F,144.57
2021-07-07,BB,negative,L,11.44
2021-07-07,CVNA,buy,I,316.88
2021-07-07,CVX,buy,D,102.93
2021-07-07,DVN,buy,D,27.53
2021-07-07,IBRX,positive,L,12.84
2021-07-07,MGNI,sell,L,33.27
2021-07-07,MP,buy,L,36.52
2021-07-07,NET,buy,L,108.35
2021-07-07,PXD,buy,D,157.19
2021-07-07,TTD,buy,I,77.64
2021-07-08,AVXL,buy,L,25.75
2021-07-08,GDRX,buy,I,33.14
2021-07-08,NIO,sell,L,45.6
2021-07-08,POSH,buy,I,39.34
2021-07-08,UPST,buy,L,119.75
2021-07-09,ALT,sell,L,9.21
2021-07-09,ARVL,sell,L,15.55
2021-07-09,ATKR,buy,L,69.69
2021-07-09,BLK,buy,D,901.31
2021-07-09,C,positive,D,68.45
2021-07-09,CERS,sell,L,5.27
2021-07-09,CX,buy,L,8.4
2021-07-09,DAL,negative,D,42.92
2021-07-09,F,buy,L,14.48
2021-07-09,FHN,buy,D,16.79
2021-07-09,GS,positive,D,371.76
2021-07-09,JPM,positive,D,155.77
2021-07-09,LEVI,buy,D,28.38
2021-07-09,LSPD,buy,I,85.14
2021-07-09,MRNA,buy,L,232.81
2021-07-09,PEP,buy,D,149.48
2021-07-09,SPG,buy,D,129.69
2021-07-09,SYNA,buy,I,154.92
2021-07-09,T,sell,L,28.45
2021-07-09,TMUS,buy,L,146.01
2021-07-09,TSLA,buy,L,656.95
2021-07-09,UNH,buy,D,412.11
2021-07-09,VZ,buy,L,56.07
2021-07-09,WFC,positive,D,43.91
2021-07-09,ZNGA,buy,L,10.53
2021-07-12,CRWD,buy,L,261.79
2021-07-12,DDD,sell,L,31.1
2021-07-12,DIS,buy,D,184.38
2021-07-12,DMTK,buy,L,36.67
2021-07-12,ENPH,buy,D,185.72
2021-07-12,FEYE,sell,L,21.24
2021-07-12,FSLR,buy,D,94.29
2021-07-12,GNRC,buy,D,448.15
2021-07-12,GS,positive,D,380.5
2021-07-12,JPM,positive,D,158.0
2021-07-12,MDB,buy,I,350.69
2021-07-12,OCX,buy,L,5.76
2021-07-12,PANW,buy,L,388.53
2021-07-12,TSLA,buy,D,685.7
2021-07-12,UNH,buy,L,416.04
2021-07-12,ZS,buy,L,227.97
2021-07-13,AAPL,buy,D,145.64
2021-07-13,AEO,buy,D,36.4
2021-07-13,AMD,buy,L,90.26
2021-07-13,BJ,buy,L,47.82
2021-07-13,CCIV,sell,D,25.91
2021-07-13,CLF,buy,L,22.78
2021-07-13,CRSP,positive,L,135.55
2021-07-13,CVA,negative,L,18.58
2021-07-13,CVX,buy,L,103.93
2021-07-13,DKS,buy,D,100.01
2021-07-13,GOGL,negative,L,9.83
2021-07-13,GSAH,positive,D,10.45
2021-07-13,LEVI,buy,D,28.7
2021-07-13,LRCX,buy,L,624.67
2021-07-13,MSFT,buy,D,280.98
2021-07-13,PEP,buy,F,152.96
2021-07-13,SPG,buy,D,126.61
2021-07-13,WYNN,buy,L,111.55
2021-07-14,AAL,buy,D,20.62
2021-07-14,AAPL,buy,D,149.15
2021-07-14,AFRM,buy,L,56.76
2021-07-14,AGC,buy,L,11.42
2021-07-14,ARLO,buy,M,5.97
2021-07-14,AXP,buy,D,172.52
2021-07-14,BBY,buy,D,109.91
2021-07-14,BC,buy,D,97.3
2021-07-14,DAL,buy,D,40.68
2021-07-14,GOLD,buy,L,21.33
2021-07-14,LEVI,buy,D,29.88
2021-07-14,MTCH,buy,F,161.53
2021-07-14,PH,buy,D,306.83
2021-07-14,POSH,buy,D,38.02
2021-07-14,REGI,buy,L,61.95
2021-07-14,TMUS,buy,D,148.9
2021-07-14,WSM,buy,D,160.81
2021-07-15,CRSR,buy,I,30.27
2021-07-15,DELL,buy,L,93.64
2021-07-15,EBAY,buy,D,68.14
2021-07-15,ETSY,buy,D,182.3
2021-07-15,POSH,buy,F,38.27
2021-07-15,QS,negative,L,23.68
2021-07-15,REAL,negative,D,16.91
2021-07-15,RIO,buy,L,86.25
2021-07-15,TDUP,negative,D,25.2
2021-07-15,VERU,negative,L,6.96
2021-07-15,VMW,sell,L,150.95
2021-07-19,AMD,buy,D,86.58
2021-07-19,ASO,buy,L,35.31
2021-07-19,BAC,negative,D,36.93
2021-07-19,BARK,buy,I,8.87
2021-07-19,C,negative,D,65.08
2021-07-19,FHN,buy,I,15.01
2021-07-19,GE,negative,L,12.0
2021-07-19,GS,positive,D,354.72
2021-07-19,JPM,positive,D,146.97
2021-07-19,MS,buy,D,89.35
2021-07-19,SHW,sell,L,282.93
2021-07-19,SOFI,positive,L,15.17
2021-07-19,SYY,sell,L,70.47
2021-07-19,WFC,buy,D,43.05
2021-07-20,ABBV,buy,D,116.05
2021-07-20,BBBY,buy,I,29.05
2021-07-20,BGFV,buy,L,21.94
2021-07-20,BYND,buy,L,130.6
2021-07-20,CCL,buy,D,21.19
2021-07-20,CLF,buy,L,20.05
2021-07-20,COST,buy,D,416.24
2021-07-20,CWH,buy,L,38.95
2021-07-20,F,buy,D,13.91
2021-07-20,GM,buy,D,56.15
2021-07-20,HCA,buy,D,248.9
2021-07-20,IBM,buy,D,139.97
2021-07-20,ISRG,buy,D,955.05
2021-07-20,MDT,buy,D,125.51
2021-07-20,MS,buy,D,92.32
2021-07-20,NUE,buy,L,91.52
2021-07-20,PENN,positive,L,69.35
2021-07-20,PII,buy,L,134.88
2021-07-20,PLTR,negative,L,22.18
2021-07-20,RH,buy,D,659.78
2021-07-20,SKT,buy,L,17.74
2021-07-20,TGT,buy,D,254.71
2021-07-20,THO,buy,L,112.58
2021-07-20,TTCF,sell,L,20.04
2021-07-20,WFC,buy,D,44.84
2021-07-20,WSM,buy,D,158.99
2021-07-20,X,sell,L,22.06
2021-07-20,XM,buy,I,37.8
2021-07-21,AMC,negative,D,40.78
2021-07-21,CLNE,positive,L,8.15
2021-07-21,CLOV,sell,L,8.88
2021-07-21,CRM,buy,I,242.11
2021-07-21,DOCS,buy,F,55.69
2021-07-21,INSG,sell,L,8.81
2021-07-21,NFLX,positive,D,513.63
2021-07-21,NOK,buy,L,5.8
2021-07-21,PLUG,negative,L,28.05
2021-07-21,UNH,buy,L,414.64
2021-07-22,ABG,positive,L,195.22
2021-07-22,AEP,buy,I,84.88
2021-07-22,DPZ,buy,I,538.82
2021-07-22,EBAY,buy,L,72.06
2021-07-22,FXLV,buy,D,15.7
2021-07-22,INMD,negative,L,109.68
2021-07-22,JMIA,negative,L,22.96
2021-07-22,LAD,buy,L,375.37
2021-07-22,PLNT,buy,D,73.82
2021-07-22,PTON,sell,D,119.67
2021-07-22,RDNT,buy,L,33.5
2021-07-23,AAPL,buy,D,148.56
2021-07-23,AMD,buy,D,92.15
2021-07-23,BA,positive,D,221.52
2021-07-23,BMY,negative,D,68.34
2021-07-23,CAT,buy,D,209.53
2021-07-23,CVX,buy,D,98.86
2021-07-23,DPZ,buy,D,525.45
2021-07-23,F,buy,D,13.82
2021-07-23,FB,buy,D,369.79
2021-07-23,LEV,buy,L,14.39
2021-07-23,MA,buy,D,393.26
2021-07-23,MCD,buy,D,242.96
2021-07-23,MGA,buy,L,80.93
2021-07-23,MNDY,positive,F,204.93
2021-07-23,MSFT,negative,D,289.67
2021-07-23,REE,buy,I,10.21
2021-07-23,SBUX,buy,D,125.97
2021-07-23,TSLA,buy,D,643.38
2021-07-23,TWLO,buy,D,409.84
2021-07-23,UNP,buy,L,220.15
2021-07-23,WKHS,sell,L,10.79
2021-07-23,XOM,positive,D,57.04
2021-07-23,ZIM,sell,L,37.81
2021-07-26,BABA,sell,L,191.76
2021-07-26,BBY,buy,L,114.83
2021-07-26,BRKS,buy,L,88.44
2021-07-26,DHI,buy,F,92.52
2021-07-26,DPZ,buy,D,534.32
2021-07-26,GNRC,buy,L,444.65
2021-07-26,IRBT,sell,L,89.11
2021-07-26,MCD,buy,D,243.98
2021-07-26,ME,sell,L,8.58
2021-07-26,NRXP,sell,L,18.69
2021-07-26,OTIS,buy,I,89.06
2021-07-26,RUN,sell,L,50.09
2021-07-26,SBUX,buy,D,126.06
2021-07-26,T,sell,L,28.18
2021-07-26,VZIO,buy,L,25.28
2021-07-26,YUM,buy,D,123.45
2021-07-27,AAPL,buy,D,146.77
2021-07-27,AMD,buy,D,91.03
2021-07-27,APPS,negative,L,60.81
2021-07-27,ASTR,buy,L,8.63
2021-07-27,CHPT,positive,L,22.75
2021-07-27,GE,buy,D,13.08
2021-07-27,GOGO,sell,L,10.19
2021-07-27,LOGI,buy,I,108.45
2021-07-27,MAT,buy,I,20.54
2021-07-27,MAT,buy,I,20.54
2021-07-27,MMM,buy,D,200.47
2021-07-27,RTX,buy,D,88.22
2021-07-27,SBUX,buy,D,126.03
2021-07-27,TBLA,sell,L,10.25
2021-07-27,TSLA,negative,D,644.78
2021-07-27,TTD,buy,L,82.68
2021-07-27,UPS,buy,I,195.19
2021-07-28,AAPL,buy,D,144.98
2021-07-28,AMD,buy,D,97.93
2021-07-28,BA,buy,D,231.57
2021-07-28,EDR,buy,L,25.61
2021-07-28,FST,buy,L,12.34
2021-07-28,INTC,negative,D,53.07
2021-07-28,MSFT,buy,D,286.22
2021-07-28,MU,buy,L,75.55
2021-07-28,RBLX,buy,L,79.13
2021-07-28,ROK,buy,I,299.18
2021-07-28,SAVA,sell,L,135.3
2021-07-28,WDC,buy,L,63.52
2021-07-29,AAPL,buy,D,145.64
2021-07-29,AGCO,buy,I,127.14
2021-07-29,AMD,buy,D,102.95
2021-07-29,APP,positive,L,65.22
2021-07-29,DXCM,buy,I,456.05
2021-07-29,FB,buy,D,358.32
2021-07-29,HOOD,buy,I,34.82
2021-07-29,LCID,positive,L,23.35
2021-07-29,LEA,buy,L,176.57
2021-07-29,MAXR,buy,L,35.03
2021-07-29,MGA,buy,L,83.68
2021-07-29,NFLX,buy,D,514.25
2021-07-29,ON,buy,L,38.61
2021-07-29,PYPL,buy,D,283.17
2021-07-29,TSLA,buy,L,677.35
2021-07-29,XL,positive,L,6.84
2021-08-02,AFRM,buy,D,64.71
2021-08-02,BABA,sell,D,200.09
2021-08-02,BIDU,sell,D,166.61
2021-08-02,CPNG,positive,L,36.74
2021-08-02,DASH,buy,D,177.63
2021-08-02,DIDI,sell,D,10.38
2021-08-02,ET,sell,L,9.7
2021-08-02,FB,buy,D,351.95
2021-08-02,LUV,buy,L,49.74
2021-08-02,NWL,buy,I,24.85
2021-08-02,NYCB,sell,L,11.81
2021-08-02,PINS,negative,D,57.12
2021-08-02,PLUG,negative,L,26.62
2021-08-02,PYPL,buy,D,270.99
2021-08-02,ROKU,buy,D,421.37
2021-08-02,SAVE,sell,L,26.81
2021-08-02,SNAP,buy,D,73.5
2021-08-02,SQ,buy,D,272.38
2021-08-02,TWTR,positive,D,69.13
2021-08-03,AAPL,buy,D,147.36
2021-08-03,AUPH,negative,L,13.3
2021-08-03,BA,buy,L,229.09
2021-08-03,CLX,positive,I,164.06
2021-08-03,COST,buy,D,435.07
2021-08-03,DPZ,buy,D,540.47
2021-08-03,FDX,buy,D,280.81
2021-08-03,GRTS,sell,L,6.7
2021-08-03,HD,buy,D,331.94
2021-08-03,HOOD,buy,D,46.8
2021-08-03,HRL,buy,D,46.3
2021-08-03,LULU,buy,D,407.51
2021-08-03,MKC,buy,D,83.79
2021-08-03,MKSI,buy,L,155.79
2021-08-03,NKE,buy,D,171.23
2021-08-03,NVCR,buy,L,149.13
2021-08-03,PEP,buy,D,156.67
2021-08-03,PLTR,negative,L,22.24
2021-08-03,RL,buy,D,125.22
2021-08-03,SOFI,buy,L,15.11
2021-08-03,SPR,sell,L,43.24
2021-08-03,SRNE,sell,L,8.19
2021-08-03,STZ,buy,D,221.34
2021-08-03,TGT,buy,D,262.2
2021-08-03,UPS,positive,D,194.15
2021-08-03,WMT,buy,D,143.82
2021-08-04,ADM,positive,L,58.75
2021-08-04,AKAM,sell,L,112.41
2021-08-04,DD,buy,F,74.26
2021-08-04,DM,sell,L,9.05
2021-08-04,DVN,buy,I,25.29
2021-08-04,FSLY,sell,L,44.54
2021-08-04,HOOD,positive,L,70.39
2021-08-04,KIM,buy,D,20.54
2021-08-04,MNST,buy,L,92.01
2021-08-04,PATH,buy,F,62.0
2021-08-04,SAH,sell,L,50.98
2021-08-04,SPG,buy,D,128.7
2021-08-04,T,sell,L,27.85
2021-08-04,VIAC,positive,L,38.79
2021-08-05,BX,buy,L,115.7
2021-08-05,CLF,buy,D,23.32
2021-08-05,DHI,buy,D,96.34
2021-08-05,ETSY,buy,I,182.41
2021-08-05,F,buy,D,13.71
2021-08-05,FMC,sell,L,93.23
2021-08-05,GM,buy,D,54.44
2021-08-05,KBH,buy,D,42.14
2021-08-05,LEN,buy,D,105.45
2021-08-05,LYB,buy,D,96.67
2021-08-05,MOD,sell,L,13.96
2021-08-05,NUE,buy,D,101.51
2021-08-05,ON,buy,I,44.82
2021-08-05,ORMP,buy,L,17.32
2021-08-05,RIDE,sell,L,5.99
2021-08-05,TOL,buy,D,58.36
2021-08-05,TSE,buy,D,50.27
2021-08-05,TTWO,buy,I,156.78
2021-08-05,UBER,buy,D,43.07
2021-08-05,VTR,buy,L,59.98
2021-08-05,WELL,positive,L,86.58
2021-08-05,WMT,buy,D,145.49
2021-08-09,A,buy,L,156.54
2021-08-09,APD,negative,D,275.75
2021-08-09,GNOG,sell,L,18.5
2021-08-09,GPN,buy,L,173.84
2021-08-09,LIN,buy,D,303.26
2021-08-09,LYFT,buy,L,52.13
2021-08-09,NCLH,buy,D,24.66
2021-08-09,NUE,buy,D,107.78
2021-08-09,PLUG,buy,D,28.18
2021-08-09,SFIX,buy,I,44.53
2021-08-09,STEM,buy,L,27.95
2021-08-09,TER,sell,L,125.94
2021-08-09,UBER,negative,L,43.25
2021-08-09,VTR,buy,I,57.42
2021-08-10,AMC,positive,D,31.75
2021-08-10,EMN,buy,I,114.45
2021-08-10,EVGO,positive,L,10.71
2021-08-10,FUBO,buy,L,28.64
2021-08-10,NUE,buy,I,118.1
2021-08-10,PLL,negative,L,64.16
2021-08-10,PSFE,buy,L,10.43
2021-08-10,PXD,buy,I,151.48
2021-08-10,RVLV,buy,I,66.27
2021-08-10,RXST,sell,L,12.31
2021-08-10,SWKS,buy,L,184.82
2021-08-10,TMUS,buy,D,143.2
2021-08-10,TSLA,positive,D,709.99
2021-08-11,AEO,buy,D,35.51
2021-08-11,ATCX,sell,L,14.48
2021-08-11,BA,buy,D,239.49
2021-08-11,BHVN,buy,L,111.08
2021-08-11,DVN,buy,D,28.0
2021-08-11,F,buy,D,13.93
2021-08-11,NCLH,buy,I,26.27
2021-08-11,NLOK,buy,D,26.25
2021-08-11,POSH,negative,I,27.36
2021-08-11,PXD,buy,D,154.0
2021-08-11,PYPL,buy,D,276.41
2021-08-11,SNOW,buy,L,275.87
2021-08-11,SOFI,buy,L,16.9
2021-08-11,SUMO,sell,L,20.17
2021-08-11,WEN,buy,I,22.85
2021-08-11,Z,buy,L,99.42
2021-08-11,ZEV,sell,L,10.17
2021-08-12,BC,buy,I,106.45
2021-08-12,BMBL,buy,I,50.83
2021-08-12,DIS,buy,I,179.29
2021-08-12,DOCS,buy,F,79.54
2021-08-12,IRM,buy,L,46.55
2021-08-12,KPTI,sell,L,4.82
2021-08-12,MRNA,buy,L,391.42
2021-08-12,NVDA,buy,L,199.05
2021-08-12,UPST,buy,F,178.12
2021-08-16,ABT,buy,D,124.66
2021-08-16,AFRM,buy,L,63.59
2021-08-16,AMT,buy,D,283.2
2021-08-16,APP,buy,I,55.88
2021-08-16,BFLY,negative,L,10.18
2021-08-16,DE,buy,D,383.03
2021-08-16,DISH,negative,L,43.13
2021-08-16,FICO,sell,L,448.12
2021-08-16,MLM,buy,D,380.83
2021-08-16,MNMD,positive,L,2.96
2021-08-16,NUE,buy,D,124.28
2021-08-16,REAL,sell,L,12.93
2021-08-16,REGN,buy,D,628.6
2021-08-16,UNP,buy,D,227.49
2021-08-16,UPST,buy,L,200.89
2021-08-16,UPWK,buy,L,41.62
2021-08-17,APPS,sell,L,50.85
2021-08-17,DNMR,sell,L,15.02
2021-08-17,DNUT,buy,I,14.04
2021-08-17,DPZ,buy,D,527.75
2021-08-17,EMN,buy,L,113.02
2021-08-17,HD,positive,D,320.75
2021-08-17,IEA,buy,L,12.05
2021-08-17,KR,positive,D,45.44
2021-08-17,LEV,buy,L,12.55
2021-08-17,MAPS,sell,L,13.1
2021-08-17,MRNA,positive,D,401.86
2021-08-17,PFE,positive,D,50.42
2021-08-17,RBLX,buy,I,78.68
2021-08-17,REGN,buy,F,647.44
2021-08-17,STAA,buy,L,144.12
2021-08-17,UWMC,buy,I,7.31
2021-08-18,A,buy,I,163.02
2021-08-18,CGC,negative,L,17.27
2021-08-18,CMI,buy,I,233.58
2021-08-18,DIS,buy,D,174.74
2021-08-18,F,buy,D,13.0
2021-08-18,HYLN,sell,L,8.32
2021-08-18,JNJ,positive,D,177.19
2021-08-18,LLY,buy,D,268.52
2021-08-18,LOW,buy,I,199.73
2021-08-18,PFE,buy,D,49.31
2021-08-18,REGN,buy,D,635.57
2021-08-18,STZ,buy,L,214.43
2021-08-18,SWKS,buy,L,175.25
2021-08-18,TJX,positive,D,73.0
2021-08-19,AAPL,buy,D,146.7
2021-08-19,AI,positive,L,44.79
2021-08-19,ASO,buy,L,35.03
2021-08-19,COOK,buy,F,25.78
2021-08-19,COST,buy,D,454.26
2021-08-19,DVN,buy,D,25.34
2021-08-19,FISV,buy,I,116.25
2021-08-19,LAD,buy,I,333.78
2021-08-19,MSFT,buy,D,296.77
2021-08-19,NFLX,buy,D,543.71
2021-08-19,POSH,positive,L,25.79
2021-08-19,PXD,buy,D,140.47
2021-08-19,SE,buy,L,321.12
2021-08-19,WEBR,buy,F,15.69
2021-08-19,WISH,sell,L,6.23
2021-08-23,AMRS,sell,L,14.45
2021-08-23,BA,buy,D,219.4
2021-08-23,BBWI,buy,F,67.59
2021-08-23,BODY,sell,L,7.5
2021-08-23,CAT,buy,D,209.14
2021-08-23,CFG,buy,L,42.81
2021-08-23,EL,buy,D,336.29
2021-08-23,ETN,buy,D,168.84
2021-08-23,FHN,buy,L,15.96
2021-08-23,FUTU,sell,L,91.57
2021-08-23,GXO,buy,F,79.06
2021-08-23,HON,buy,D,229.11
2021-08-23,IFF,buy,L,150.24
2021-08-23,LRCX,buy,L,584.3
2021-08-23,LUV,buy,D,48.71
2021-08-23,LYFT,buy,I,47.24
2021-08-23,MA,buy,D,361.01
2021-08-23,NVDA,buy,L,219.58
2021-08-23,PANW,buy,I,372.57
2021-08-23,PFE,buy,D,49.93
2021-08-23,POWW,sell,L,7.55
2021-08-23,V,buy,D,234.14
2021-08-23,VSCO,positive,F,66.09
2021-08-23,XPO,buy,F,86.62
2021-08-24,ACRE,sell,L,15.43
2021-08-24,ALB,buy,L,229.2
2021-08-24,BBY,buy,D,121.49
2021-08-24,COST,buy,D,451.79
2021-08-24,CVS,buy,D,83.81
2021-08-24,DEN,buy,I,69.38
2021-08-24,JOBY,sell,L,10.9
2021-08-24,MMAT,sell,L,3.57
2021-08-24,NGVT,buy,L,79.44
2021-08-24,PRTA,buy,I,63.98
2021-08-24,TGT,buy,D,250.65
2021-08-24,WLTW,positive,L,216.36
2021-08-24,WMT,buy,D,148.9
2021-08-25,AGCO,buy,D,138.93
2021-08-25,AMAT,buy,L,132.82
2021-08-25,AMD,buy,D,108.3
2021-08-25,COIN,negative,L,256.77
2021-08-25,CRM,buy,I,260.85
2021-08-25,DE,buy,D,376.37
2021-08-25,DEN,buy,D,69.97
2021-08-25,DVN,buy,D,29.24
2021-08-25,GS,buy,D,413.12
2021-08-25,JPM,buy,D,160.92
2021-08-25,LEN,buy,D,108.23
2021-08-25,MITK,buy,L,21.68
2021-08-25,MRVL,buy,D,63.2
2021-08-25,MS,buy,D,104.09
2021-08-25,MTCH,buy,L,136.93
2021-08-25,NVDA,buy,D,222.13
2021-08-25,NXPI,buy,D,217.79
2021-08-25,PXD,buy,D,149.15
2021-08-25,QCOM,buy,D,143.87
2021-08-25,RPRX,buy,L,39.08
2021-08-25,SNOW,buy,I,283.76
2021-08-25,TOL,buy,I,63.66
2021-08-25,WFC,buy,D,49.29
2021-09-08,APPH,sell,L,7.75
2021-09-08,BIG,sell,L,46.15
2021-09-08,CLF,buy,I,23.18
2021-09-08,ME,buy,L,8.03
2021-09-08,RIO,buy,L,73.55
2021-09-08,S,buy,I,68.24
2021-09-08,SIG,buy,I,74.89
2021-09-08,STWD,buy,L,25.11
2021-09-08,SWBI,negative,L,21.09
2021-09-09,AFRM,buy,I,92.06
2021-09-09,BHVN,buy,L,130.8
2021-09-09,CLX,negative,D,168.93
2021-09-09,CRWD,buy,I,265.16
2021-09-09,DASH,buy,D,207.74
2021-09-09,DOCU,buy,D,281.31
2021-09-09,INSG,negative,L,8.46
2021-09-09,PATH,buy,I,54.4
2021-09-09,RH,buy,D,725.0
2021-09-09,SCI,sell,L,62.46
2021-09-09,ULTA,buy,I,382.08
2021-09-09,VRTX,positive,L,188.09
2021-09-09,ZM,buy,D,295.86
2021-09-10,AVT,buy,I,38.76
2021-09-10,CROX,positive,D,144.11
2021-09-10,CRWD,buy,L,262.0
2021-09-10,CSCO,positive,D,57.89
2021-09-10,CXM,negative,L,18.66
2021-09-10,DVAX,buy,L,17.55
2021-09-10,HUT,sell,L,9.77
2021-09-10,ORCL,buy,D,89.68
2021-09-10,PANW,buy,D,469.9
2021-09-10,PING,positive,L,25.6
2021-09-10,RH,buy,I,694.47
2021-09-10,ZM,buy,D,301.5
2021-09-13,AAPL,buy,F,149.55
2021-09-13,ASO,buy,L,46.16
2021-09-13,BGFV,buy,L,26.13
2021-09-13,BLDE,buy,F,9.29
2021-09-13,BWA,negative,L,43.77
2021-09-13,GOLD,buy,I,19.47
2021-09-13,IRNT,sell,L,19.39
2021-09-13,LEV,positive,L,11.65
2021-09-13,MGA,buy,L,78.95
2021-09-13,NET,buy,I,124.7
2021-09-13,UP,buy,F,7.48
2021-09-13,WFC,buy,D,45.76
2021-09-13,YOU,sell,F,44.8
2021-09-14,AAPL,positive,D,148.12
2021-09-14,BABA,sell,L,160.15
2021-09-14,BARK,sell,L,8.19
2021-09-14,FULC,sell,L,26.22
2021-09-14,IDXX,buy,L,661.39
2021-09-14,LEN,negative,L,98.59
2021-09-14,PANW,buy,I,484.83
2021-09-14,QUOT,sell,L,6.21
2021-09-14,TELL,buy,I,3.11
2021-09-14,WYNN,negative,D,92.25
2021-09-14,ZTS,buy,L,203.55
2021-09-15,CGC,sell,L,14.79
2021-09-15,CPNG,positive,L,29.39
2021-09-15,CSCO,buy,I,57.56
2021-09-15,CVX,buy,I,98.24
2021-09-15,NI,buy,L,24.19
2021-09-15,NIO,sell,L,38.03
2021-09-15,STZ,buy,L,218.5
2021-09-15,WEBR,buy,I,14.93
2021-09-17,ADBE,buy,D,654.48
2021-09-17,AMT,buy,D,293.75
2021-09-17,BLDR,buy,I,52.82
2021-09-17,CCI,buy,D,188.54
2021-09-17,COST,buy,D,459.51
2021-09-17,CWEN,buy,L,31.7
2021-09-17,DELL,positive,D,100.53
2021-09-17,DRI,positive,D,149.43
2021-09-17,ET,sell,L,9.1
2021-09-17,FDX,positive,D,255.22
2021-09-17,IIPR,buy,D,232.74
2021-09-17,IRM,buy,D,44.9
2021-09-17,LEN,positive,D,101.28
2021-09-17,LVS,sell,L,38.17
2021-09-17,NKE,negative,D,156.42
2021-09-17,PLD,buy,D,130.11
2021-09-17,PLTR,buy,L,28.71
2021-09-17,SKT,buy,D,17.5
2021-09-17,SPG,buy,D,131.27
2021-09-17,STWD,buy,D,24.79
2021-09-17,VTR,buy,D,57.1
2021-09-17,WDAY,buy,D,268.51
2021-09-17,WYNN,buy,L,83.29
2021-09-20,ABNB,buy,I,161.64
2021-09-20,AN,buy,L,118.82
2021-09-20,BA,positive,L,209.5
2021-09-20,BC,buy,L,94.85
2021-09-20,F,positive,L,12.82
2021-09-20,FCX,negative,D,31.17
2021-09-20,MCFT,positive,L,24.54
2021-09-20,NKE,negative,D,154.25
2021-09-20,NOK,buy,L,5.35
2021-09-20,RTX,buy,L,83.45
2021-09-20,SBUX,negative,D,111.82
2021-09-20,SKIN,buy,I,25.16
2021-09-20,SOFI,positive,L,14.57
2021-09-20,SPR,negative,L,39.29
2021-09-20,WKHS,sell,L,8.19
2021-09-21,ABNB,buy,F,169.29
2021-09-21,ADBE,buy,I,645.89
2021-09-21,BLDE,buy,L,10.56
2021-09-21,CELU,buy,L,6.39
2021-09-21,CNC,buy,L,63.09
2021-09-21,CRM,buy,I,257.97
2021-09-21,DASH,buy,F,221.36
2021-09-21,IBM,buy,F,132.97
2021-09-21,JOBY,sell,L,9.36
2021-09-21,LHCG,sell,L,165.23
2021-09-21,PBI,sell,L,6.8
2021-09-21,UBER,buy,F,44.36
2021-09-21,UNH,buy,L,412.34
2021-09-22,ABCL,buy,L,21.34
2021-09-22,ADBE,buy,D,626.08
2021-09-22,COP,buy,L,62.26
2021-09-22,CVX,buy,L,97.64
2021-09-22,DIS,buy,D,173.65
2021-09-22,DVN,buy,L,30.44
2021-09-22,GILT,buy,L,9.18
2021-09-22,LPI,negative,L,76.53
2021-09-22,LSPD,positive,D,124.41
2021-09-22,PAR,positive,D,64.85
2021-09-22,PXD,buy,L,150.05
2021-09-22,SLI,buy,I,7.04
2021-09-22,SQ,positive,D,261.07
2021-09-22,TOST,sell,F,62.51
2021-09-22,U,buy,I,133.51
2021-09-22,ULTA,buy,L,375.85
2021-09-23,AMRN,buy,L,5.44
2021-09-23,COP,buy,D,63.71
2021-09-23,CVX,buy,D,100.06
2021-09-23,DEN,buy,D,75.36
2021-09-23,DIS,negative,D,176.25
2021-09-23,DRI,positive,D,159.5
2021-09-23,DVAX,buy,L,19.6
2021-09-23,DVN,buy,D,32.8
2021-09-23,ESMT,buy,I,34.12
2021-09-23,FANG,buy,D,87.86
2021-09-23,LUV,positive,D,52.32
2021-09-23,NUE,buy,L,99.4
2021-09-23,PXD,buy,D,157.96
2021-09-23,TELL,buy,D,3.53
2021-09-23,WYNN,buy,I,83.83
2021-09-27,AAPL,buy,D,145.37
2021-09-27,AXP,buy,D,176.77
2021-09-27,CGC,sell,L,14.71
2021-09-27,COP,buy,D,66.71
2021-09-27,CVX,buy,D,102.97
2021-09-27,DVN,buy,D,35.0
2021-09-27,FANG,buy,D,95.48
2021-09-27,FB,negative,D,353.58
2021-09-27,MGI,sell,L,8.56
2021-09-27,MSFT,buy,D,294.17
2021-09-27,PXD,buy,D,168.02
2021-09-27,PYPL,buy,L,273.39
2021-09-27,SMG,buy,L,147.46
2021-09-27,SQ,buy,L,258.11
2021-09-27,STZ,buy,L,211.67
2021-09-27,TELL,buy,D,4.09
2021-09-27,TSLA,buy,D,791.36
2021-09-27,UNP,buy,I,203.96
2021-09-28,AFRM,buy,F,114.52
2021-09-28,ASAN,buy,F,102.25
2021-09-28,CYTK,buy,L,34.12
2021-09-28,INMD,buy,F,149.07
2021-09-28,LZ,sell,L,26.21
2021-09-28,MTTR,sell,L,19.7
2021-09-28,SONO,buy,I,33.8
2021-09-28,UPST,buy,F,313.4
2021-09-29,ADSK,buy,L,287.99
2021-09-29,AFRM,buy,I,112.77
2021-09-29,BROS,sell,D,44.95
2021-09-29,CRM,buy,L,270.5
2021-09-29,DMYI,sell,L,10.93
2021-09-29,GNW,sell,L,3.74
2021-09-29,HLTH,sell,L,13.14
2021-09-29,HUBS,negative,L,681.24
2021-09-29,ME,buy,I,8.53
2021-09-29,MS,buy,F,99.55
2021-09-29,MU,buy,I,71.64
2021-09-29,ORI,buy,L,23.17
2021-09-29,QS,negative,L,25.46
2021-09-29,TWKS,sell,L,27.18
2021-09-29,VSH,buy,L,20.28
2021-09-29,WRBY,sell,D,54.49
2021-10-01,AEP,buy,D,81.38
2021-10-01,AMC,positive,D,38.46
2021-10-01,DCRC,buy,F,10.11
2021-10-01,DIS,buy,D,176.01
2021-10-01,ED,negative,D,71.6
2021-10-01,EPD,negative,L,21.8
2021-10-01,FIVN,buy,I,167.26
2021-10-01,GE,buy,D,105.82
2021-10-01,GOLD,positive,D,17.99
2021-10-01,HON,buy,D,215.65
2021-10-01,KDP,buy,I,33.2
2021-10-01,LAD,buy,D,317.67
2021-10-01,LEVI,buy,D,25.0
2021-10-01,MRK,buy,D,81.4
2021-10-01,PENN,buy,L,78.63
2021-10-01,PLTR,negative,D,24.33
2021-10-01,STZ,buy,D,213.48
2021-10-01,ZG,negative,D,91.4
2021-10-04,BNGO,positive,L,5.06
2021-10-04,FB,sell,D,326.23
2021-10-04,GRWG,sell,L,23.18
2021-10-04,IBM,buy,I,144.11
2021-10-04,LIN,buy,L,294.65
2021-10-04,MKC,buy,I,80.69
2021-10-04,OCGN,sell,L,6.75
2021-10-04,PAYX,buy,I,115.01
2021-10-04,PLUG,negative,L,24.32
2021-10-04,VALE,negative,L,13.89
2021-10-05,AAPL,buy,D,141.11
2021-10-05,BAC,buy,L,44.22
2021-10-05,ENB,buy,I,40.18
2021-10-05,FB,negative,D,332.96
2021-10-05,HUT,sell,L,10.31
2021-10-05,JEF,buy,L,38.3
2021-10-05,LSPD,sell,F,91.91
2021-10-05,LXRX,buy,L,4.85
2021-10-05,MSFT,buy,D,288.76
2021-10-05,NFLX,buy,D,634.81
2021-10-05,NKE,positive,D,149.46
2021-10-05,NVDA,buy,D,204.51
2021-10-05,SBUX,positive,D,110.85
2021-10-05,WDAY,buy,D,252.05
2021-10-06,APLS,negative,L,32.85
2021-10-06,BGS,negative,L,29.53
2021-10-06,CPB,buy,L,42.5
2021-10-06,DKNG,buy,L,48.99
2021-10-06,DOW,buy,D,57.16
2021-10-06,F,buy,L,14.12
2021-10-06,FROG,positive,L,32.4
2021-10-06,GM,buy,D,53.93
2021-10-06,KEYS,buy,L,161.15
2021-10-06,LEVI,buy,I,24.24
2021-10-06,MRVL,buy,I,63.75
2021-10-06,NUE,buy,F,95.99
2021-10-06,REE,sell,L,3.99
2021-10-06,REGN,buy,L,546.57
2021-10-06,STZ,buy,I,211.62
2021-10-06,SWKS,buy,L,161.13
2021-10-06,TSLA,buy,L,782.75
2021-10-07,AZEK,buy,L,37.55
2021-10-07,CRTX,negative,L,90.0
2021-10-07,FXLV,negative,D,14.05
2021-10-07,HYFM,positive,L,38.99
2021-10-07,LTH,buy,F,17.75
2021-10-07,MYMD,sell,L,7.18
2021-10-07,NUE,buy,I,98.95
2021-10-07,PLNT,buy,D,79.71
2021-10-07,PTON,sell,D,87.74
2021-10-07,SHCR,buy,I,8.32
2021-10-07,SOFI,buy,L,16.4
2021-10-08,BAC,buy,D,44.34
2021-10-08,BLK,buy,D,844.4
2021-10-08,C,buy,D,72.35
2021-10-08,DAL,buy,D,43.38
2021-10-08,DPZ,buy,D,480.32
2021-10-08,ESI,buy,F,22.92
2021-10-08,F,buy,L,15.12
2021-10-08,JPM,positive,D,170.22
2021-10-08,LCID,negative,L,23.23
2021-10-08,LOGI,negative,L,87.85
2021-10-08,LPSN,negative,L,59.34
2021-10-08,MRNA,negative,L,304.91
2021-10-08,MS,buy,D,100.04
2021-10-08,MS,buy,D,100.04
2021-10-08,NVCR,buy,L,111.5
2021-10-08,WBA,sell,D,47.38
2021-10-08,WFC,positive,D,48.0
2021-10-11,AMAT,buy,D,127.5
2021-10-11,ASML,buy,D,721.89
2021-10-11,AZPN,buy,D,159.0
2021-10-11,CAT,negative,L,192.89
2021-10-11,CHPT,positive,L,19.07
2021-10-11,CHWY,buy,L,61.46
2021-10-11,DCRC,sell,L,10.04
2021-10-11,DDOG,buy,F,141.96
2021-10-11,EMR,buy,I,94.18
2021-10-11,FROG,sell,F,32.75
2021-10-11,KHC,negative,D,36.78
2021-10-11,KLAC,buy,D,325.2
2021-10-11,LRCX,buy,D,552.44
2021-10-11,M,buy,L,22.21
2021-10-11,NDLS,sell,L,12.99
2021-10-11,NUE,buy,L,98.62
2021-10-11,PLUG,buy,I,27.65
2021-10-12,AAPL,buy,D,141.51
2021-10-12,ABT,buy,L,117.32
2021-10-12,CRWD,buy,I,252.74
2021-10-12,DOCS,buy,L,75.25
2021-10-12,MDT,buy,I,122.93
2021-10-12,MU,positive,D,66.72
2021-10-12,TLRY,sell,L,10.28
2021-10-12,TXN,positive,D,188.48
2021-10-12,UPWK,buy,L,56.53
2021-10-12,WDAY,positive,D,257.19
2021-10-13,AAPL,buy,F,140.91
2021-10-13,AFRM,buy,D,146.13
2021-10-13,AGCO,buy,L,125.28
2021-10-13,CMI,buy,L,231.54
2021-10-13,COST,buy,D,445.3
2021-10-13,CTAS,buy,D,405.33
2021-10-13,DE,negative,D,329.0
2021-10-13,ENB,buy,L,42.11
2021-10-13,FDX,negative,D,223.73
2021-10-13,HOOD,negative,D,40.52
2021-10-13,INTU,buy,D,534.94
2021-10-13,JBHT,negative,D,171.36
2021-10-13,OKTA,buy,I,247.2
2021-10-13,PAYX,buy,D,117.46
2021-10-13,PCAR,buy,L,84.14
2021-10-13,PYPL,buy,D,256.36
2021-10-13,SBUX,buy,D,110.76
2021-10-13,SOFI,buy,D,18.92
2021-10-13,SQ,buy,D,242.73
2021-10-13,TTE,buy,L,50.36
2021-10-13,UPST,buy,D,344.89
2021-10-13,WSM,buy,D,174.04
2021-10-13,XL,sell,L,5.51
2021-10-14,BAC,buy,F,45.07
2021-10-14,BROS,negative,F,53.0
2021-10-14,DPZ,buy,I,477.48
2021-10-14,HNST,negative,L,9.39
2021-10-14,RKT,negative,L,16.01
2021-10-14,TELL,buy,L,3.75
2021-10-15,AAL,positive,D,19.98
2021-10-15,ABT,buy,D,117.49
2021-10-15,ACI,buy,D,28.56
2021-10-15,AEO,buy,L,24.48
2021-10-15,AFRM,buy,D,146.73
2021-10-15,AMD,buy,D,112.12
2021-10-15,ASML,buy,D,789.4
2021-10-15,AXP,buy,D,175.81
2021-10-15,BAC,buy,D,46.37
2021-10-15,BHVN,buy,L,133.61
2021-10-15,CSX,negative,D,34.16
2021-10-15,GRWG,sell,L,21.91
2021-10-15,GS,buy,D,406.07
2021-10-15,HON,buy,D,220.72
2021-10-15,IBM,positive,D,144.61
2021-10-15,INTC,negative,D,54.46
2021-10-15,JNJ,buy,D,161.3
2021-10-15,JPM,positive,D,166.61
2021-10-15,LRCX,buy,D,564.47
2021-10-15,LUV,positive,D,50.36
2021-10-15,MS,positive,D,102.14
2021-10-15,NFLX,buy,D,628.29
2021-10-15,NVDA,buy,D,218.62
2021-10-15,PG,positive,D,144.42
2021-10-15,PYPL,buy,D,268.35
2021-10-15,RDNT,buy,L,28.78
2021-10-15,SLB,buy,D,34.0
2021-10-15,SNAP,buy,D,77.34
2021-10-15,SQ,buy,D,249.0
2021-10-15,T,negative,D,25.7
2021-10-15,TSLA,buy,D,843.03
2021-10-15,UAL,positive,D,48.0
2021-10-15,ULTA,buy,D,405.72
2021-10-15,UNP,negative,D,225.16
2021-10-15,VZ,negative,D,52.27
2021-10-15,WFC,buy,D,48.38
2021-10-18,AAPL,positive,D,146.55
2021-10-18,ACCD,sell,F,38.85
2021-10-18,BFLY,sell,L,10.13
2021-10-18,BLDE,buy,L,10.02
2021-10-18,BNGO,negative,L,5.2
2021-10-18,CRM,buy,L,291.7
2021-10-18,CVM,buy,L,10.42
2021-10-18,CYH,sell,L,10.58
2021-10-18,DLX,buy,I,38.3
2021-10-18,DOCS,buy,D,70.57
2021-10-18,EDR,buy,L,25.31
2021-10-18,FB,negative,D,335.34
2021-10-18,GDRX,buy,D,42.06
2021-10-18,HCA,buy,L,246.59
2021-10-18,INTU,buy,L,564.56
2021-10-18,MOGO,sell,L,5.33
2021-10-18,NOW,buy,D,666.22
2021-10-18,SNOW,buy,D,337.88
2021-10-18,ZG,negative,D,85.46
2021-10-18,ZI,negative,L,68.17
2021-10-19,AMD,buy,D,116.33
2021-10-19,BAC,buy,D,46.48
2021-10-19,CVS,buy,L,84.89
2021-10-19,CVX,buy,D,111.7
2021-10-19,DVN,buy,D,40.3
2021-10-19,EMR,buy,F,96.42
2021-10-19,EPD,buy,D,24.47
2021-10-19,GS,buy,D,412.16
2021-10-19,JNJ,buy,D,163.87
2021-10-19,LLY,buy,D,242.31
2021-10-19,ME,buy,L,9.63
2021-10-19,MS,buy,D,101.75
2021-10-19,MSFT,buy,D,308.23
2021-10-19,NOW,buy,D,680.25
2021-10-19,NVDA,buy,D,222.9
2021-10-19,ONON,negative,F,29.77
2021-10-19,PANW,buy,D,512.49
2021-10-19,PBR,positive,L,10.34
2021-10-19,PXD,buy,D,190.89
2021-10-19,SLB,buy,D,34.54
2021-10-19,SNOW,buy,D,339.74
2021-10-19,SPLK,buy,I,165.59
2021-10-19,TELL,buy,D,3.67
2021-10-19,WDAY,buy,D,277.27
2021-10-19,WFC,buy,D,50.34
2021-10-19,WY,buy,L,36.77
2021-10-20,APPH,sell,L,5.41
2021-10-20,CE,buy,L,166.56
2021-10-20,FIGS,buy,L,35.98
2021-10-20,HAIN,buy,I,44.9
2021-10-20,INDI,positive,L,11.35
2021-10-20,IP,negative,L,53.53
2021-10-20,MP,negative,L,36.22
2021-10-20,NFLX,buy,F,625.14
2021-10-20,ON,buy,L,45.56
2021-10-20,TSLA,buy,F,865.8
2021-10-20,UAL,buy,D,45.95
2021-10-20,VRTV,positive,L,102.71
2021-10-20,XL,sell,L,5.57
2021-10-20,XM,buy,I,44.21
2021-10-20,ZM,negative,D,275.71
2021-10-21,COST,positive,D,477.23
2021-10-21,DOW,buy,L,59.26
2021-10-21,FDX,negative,L,232.84
2021-10-21,HOOD,buy,I,41.28
2021-10-21,MAT,buy,I,20.33
2021-10-21,MQ,negative,L,27.47
2021-10-21,SAVA,positive,L,46.56
2021-10-21,SNAP,sell,D,75.11
2021-10-21,SQ,buy,L,265.08
2021-10-21,WHR,buy,I,207.9
2021-10-21,WMT,positive,D,146.81
2021-10-26,BRK.B,buy,L,290.85
2021-10-26,CHWY,buy,L,67.99
2021-10-26,CNC,buy,I,70.97
2021-10-26,CRM,buy,L,295.11
2021-10-26,GE,buy,D,107.44
2021-10-26,JAZZ,buy,L,137.37
2021-10-26,LEV,negative,L,13.45
2021-10-26,LLY,buy,D,248.44
2021-10-26,LOGI,buy,I,84.32
2021-10-26,MMM,negative,D,182.16
2021-10-26,MSFT,positive,D,310.11
2021-10-26,MVST,sell,L,7.93
2021-10-26,NCNO,buy,L,70.96
2021-10-26,NUE,buy,D,111.43
2021-10-26,OTIS,buy,D,80.27
2021-10-26,PRFT,sell,L,123.19
2021-10-26,TMC,sell,L,3.13
2021-10-26,UPS,buy,D,218.07
2021-10-27,AAPL,buy,D,148.85
2021-10-27,APH,buy,L,75.77
2021-10-27,ARRY,negative,L,18.3
2021-10-27,ENPH,buy,L,216.22
2021-10-27,FB,buy,D,312.22
2021-10-27,HOOD,negative,F,35.44
2021-10-27,MP,positive,L,32.76
2021-10-27,MSFT,buy,D,323.17
2021-10-27,MTOR,positive,L,23.97
2021-10-27,NOK,positive,L,5.76
2021-10-27,O,buy,L,73.32
2021-10-27,OMF,negative,L,52.5
2021-10-27,PANW,buy,L,492.86
2021-10-27,PLD,buy,I,143.86
2021-10-27,PPG,buy,I,161.52
2021-10-27,RDWR,positive,L,34.88
2021-10-27,STAG,positive,L,43.66
2021-10-27,TMO,buy,I,612.29
2021-10-28,AAPL,buy,D,152.57
2021-10-28,AZEK,buy,L,36.22
2021-10-28,BC,buy,I,93.8
2021-10-28,CLF,buy,L,24.45
2021-10-28,CRM,buy,I,298.38
2021-10-28,FB,buy,D,316.92
2021-10-28,IBRX,negative,L,8.19
2021-10-28,LEU,negative,L,52.49
2021-10-28,LIN,buy,I,317.96
2021-10-28,MSFT,buy,D,324.35
2021-10-28,NUE,buy,L,109.39
2021-10-28,PSFE,positive,L,7.53
2021-10-28,SLI,negative,L,12.26
2021-10-28,SONO,buy,L,32.01
2021-10-28,WE,buy,L,10.57
2021-10-29,AAPL,buy,D,149.8
2021-10-29,BC,buy,D,93.09
2021-10-29,BP,positive,D,28.79
2021-10-29,CLX,negative,D,163.01
2021-10-29,CVS,buy,D,89.28
2021-10-29,DD,negative,D,69.6
2021-10-29,DOW,buy,I,55.97
2021-10-29,DVN,buy,D,40.08
2021-10-29,DY,buy,L,79.42
2021-10-29,EL,positive,D,324.33
2021-10-29,ENB,buy,D,41.86
2021-10-29,ETSY,buy,D,250.69
2021-10-29,EVLO,positive,L,8.85
2021-10-29,FANG,buy,D,107.19
2021-10-29,GFS,buy,F,48.74
2021-10-29,HUM,buy,D,463.16
2021-10-29,MAR,positive,D,160.02
2021-10-29,NUE,buy,D,111.65
2021-10-29,NXPI,positive,D,200.86
2021-10-29,OHI,negative,L,29.36
2021-10-29,OKTA,buy,L,247.18
2021-10-29,ON,positive,D,48.07
2021-10-29,PFE,negative,D,43.74
2021-10-29,PTON,negative,D,91.44
2021-10-29,PXD,buy,D,186.98
2021-10-29,QCOM,positive,D,133.04
2021-10-29,SQ,positive,D,254.5
2021-10-29,SWK,buy,D,179.73
2021-10-29,SWKS,negative,D,167.13
2021-10-29,TMUS,buy,D,115.03
2021-10-29,UBER,negative,D,43.82
2021-10-29,WYNN,positive,D,89.8
2021-10-29,Z,negative,D,103.63
2021-10-29,ZS,buy,L,318.86
2021-11-01,AMD,buy,D,125.23
2021-11-01,CVX,buy,D,114.53
2021-11-01,DVN,buy,D,41.99
2021-11-01,EB,positive,L,21.19
2021-11-01,ENPH,buy,D,239.53
2021-11-01,ESI,buy,I,22.81
2021-11-01,F,buy,D,17.95
2021-11-01,FB,buy,D,329.98
2021-11-01,GXO,buy,I,90.82
2021-11-01,MSFT,buy,D,329.37
2021-11-01,NFLX,buy,D,681.17
2021-11-01,NVDA,buy,D,258.27
2021-11-01,NXPI,buy,D,205.13
2021-11-01,ON,buy,D,54.99
2021-11-01,PLUG,buy,D,41.65
2021-11-01,PXD,buy,D,189.89
2021-11-01,SKM,negative,L,29.4
2021-11-01,SNOW,buy,D,357.73
2021-11-01,U,buy,D,148.7
2021-11-01,WIRE,sell,L,140.22
2021-11-02,AWR,buy,L,90.74
2021-11-02,BBBY,positive,D,16.75
2021-11-02,BKKT,negative,L,36.6
2021-11-02,BLNK,negative,L,32.91
2021-11-02,BRX,buy,I,24.58
2021-11-02,CAR,positive,D,357.17
2021-11-02,CHGG,negative,D,32.12
2021-11-02,DD,buy,I,77.49
2021-11-02,EL,buy,I,338.62
2021-11-02,HTLD,negative,L,16.39
2021-11-02,MIME,buy,L,75.49
2021-11-02,UPS,buy,L,209.14
2021-11-02,ZENV,buy,L,10.08
2021-11-03,BBBY,buy,D,19.3
2021-11-03,CAR,positive,D,298.09
2021-11-03,EL,buy,D,340.38
2021-11-03,NI,buy,I,25.29
2021-11-03,NNDM,sell,L,6.25
2021-11-03,SHCR,positive,L,7.43
2021-11-03,WING,buy,I,151.48
2021-11-03,XOS,sell,L,5.02
2021-11-03,Z,sell,F,65.47
2021-11-04,ADBE,buy,L,674.08
2021-11-04,BAC,buy,L,47.33
2021-11-04,CPNG,positive,L,30.45
2021-11-04,FB,positive,D,335.85
2021-11-04,HIMX,sell,L,10.72
2021-11-04,MRVL,buy,L,71.54
2021-11-04,MTTR,sell,L,20.32
2021-11-04,NCLH,buy,I,26.82
2021-11-04,NVDA,buy,D,298.01
2021-11-04,PLNT,buy,I,92.25
2021-11-04,PZZA,buy,I,140.01
2021-11-04,QCOM,buy,D,156.11
2021-11-04,RL,buy,D,124.36
2021-11-04,SE,buy,L,356.95
2021-11-04,STAR,buy,L,26.95
2021-11-04,TCS,negative,L,13.62
2021-11-04,TTWO,buy,D,192.91
2021-11-05,ABT,buy,D,124.37
2021-11-05,AMC,negative,D,41.7
2021-11-05,AMD,buy,D,136.34
2021-11-05,AZN,buy,D,63.09
2021-11-05,BC,buy,D,100.19
2021-11-05,BROS,buy,D,67.98
2021-11-05,COIN,positive,D,337.05
2021-11-05,DASH,buy,D,198.68
2021-11-05,DIS,positive,D,175.63
2021-11-05,DOCU,sell,D,267.49
2021-11-05,DWAC,negative,L,56.56
2021-11-05,ETSY,buy,D,260.12
2021-11-05,GGPI,negative,L,10.69
2021-11-05,MA,buy,D,348.79
2021-11-05,MRNA,sell,D,236.99
2021-11-05,NVDA,buy,D,297.52
2021-11-05,PTON,sell,D,55.64
2021-11-05,PYPL,negative,D,225.78
2021-11-05,RL,buy,D,127.54
2021-11-05,SCI,buy,L,66.64
2021-11-05,TPR,positive,D,42.51
2021-11-05,TSCO,buy,D,220.05
2021-11-05,UPST,buy,D,331.56
2021-11-05,WEN,buy,D,22.73
2021-11-05,WRBY,negative,D,57.35
2021-11-05,WY,buy,I,38.33
2021-11-05,WYNN,buy,D,96.92
2021-11-05,YETI,positive,D,107.73
2021-11-05,ZM,sell,D,264.7
2021-11-08,AMD,buy,D,150.16
2021-11-08,AXP,buy,D,180.05
2021-11-08,BABA,sell,L,162.16
2021-11-08,BHVN,buy,L,139.77
2021-11-08,BTI,sell,L,34.48
2021-11-08,CAT,buy,D,214.25
2021-11-08,DE,buy,D,360.86
2021-11-08,GOTU,negative,L,3.14
2021-11-08,GT,buy,I,23.08
2021-11-08,KIND,buy,F,13.01
2021-11-08,MGM,positive,L,48.54
2021-11-08,MITK,buy,L,18.01
2021-11-08,MLM,buy,D,425.0
2021-11-08,NUE,buy,D,116.24
2021-11-08,NVDA,buy,D,308.04
2021-11-08,TCS,buy,I,13.66
2021-11-08,VMC,buy,D,205.76
2021-11-08,WYNN,buy,L,94.85
2021-11-09,AMD,negative,D,148.92
2021-11-09,AVT,buy,I,38.99
2021-11-09,BGFV,buy,L,38.87
2021-11-09,DASH,buy,I,192.01
2021-11-09,DKS,buy,L,135.13
2021-11-09,DXCM,buy,L,637.05
2021-11-09,GE,buy,D,111.29
2021-11-09,IIPR,buy,L,280.8
2021-11-09,NOK,buy,L,5.79
2021-11-09,NVDA,negative,D,306.57
2021-11-09,POSH,sell,L,24.53
2021-11-09,PYPL,negative,D,205.42
2021-11-09,RBLX,buy,I,109.52
2021-11-09,TNDM,buy,L,135.15
2021-11-09,VALE,sell,L,12.11
2021-11-10,ARVL,negative,L,13.46
2021-11-10,BHVN,buy,I,119.93
2021-11-10,CHNG,buy,L,21.4
2021-11-10,EMR,buy,L,97.03
2021-11-10,FB,buy,D,327.64
2021-11-10,MA,buy,I,357.94
2021-11-10,NG,sell,L,7.92
2021-11-10,NVDA,buy,D,294.59
2021-11-10,RBLX,buy,D,95.26
2021-11-10,RIVN,buy,F,100.73
2021-11-10,ROK,buy,I,333.48
2021-11-10,U,buy,D,176.45
2021-11-10,VERU,buy,L,8.37
2021-11-11,COST,buy,D,512.18
2021-11-11,DDS,positive,D,325.61
2021-11-11,FOSL,positive,D,16.98
2021-11-11,GOGO,buy,L,15.03
2021-11-11,HD,negative,D,367.63
2021-11-11,KSS,buy,D,58.2
2021-11-11,LMT,buy,I,335.89
2021-11-11,LOW,negative,D,232.32
2021-11-11,M,buy,D,30.89
2021-11-11,PLL,negative,L,62.97
2021-11-11,RIVN,buy,D,122.99
2021-11-11,SIG,buy,D,104.08
2021-11-11,TGT,buy,D,256.01
2021-11-11,TPR,positive,D,46.18
2021-11-11,TTD,buy,L,91.55
2021-11-12,ABCL,sell,L,15.02
2021-11-12,AEP,buy,I,82.02
2021-11-12,AHT,sell,L,13.42
2021-11-12,AMAT,buy,D,156.82
2021-11-12,BX,buy,L,143.0
2021-11-12,CSCO,buy,D,56.82
2021-11-12,DUOL,buy,I,155.02
2021-11-12,EVGO,negative,L,18.9
2021-11-12,FL,positive,D,54.94
2021-11-12,FSR,buy,L,21.16
2021-11-12,GE,buy,D,107.59
2021-11-12,HD,negative,D,372.63
2021-11-12,INTU,buy,D,626.99
2021-11-12,JNJ,buy,F,165.01
2021-11-12,KSS,buy,D,57.34
2021-11-12,LOW,buy,D,236.32
2021-11-12,M,buy,D,30.46
2021-11-12,NIO,sell,L,42.67
2021-11-12,NVDA,positive,D,303.9
2021-11-12,O,buy,L,72.74
2021-11-12,PANW,buy,D,515.18
2021-11-12,RIVN,buy,L,129.95
2021-11-12,TGT,buy,D,260.02
2021-11-12,WDAY,buy,D,296.45
2021-11-12,WMT,negative,D,147.76
2021-11-15,AFRM,buy,I,147.99
2021-11-15,CVX,buy,I,116.82
2021-11-15,DDD,sell,L,26.04
2021-11-15,DKNG,positive,L,39.36
2021-11-15,FIVN,buy,I,161.72
2021-11-15,HIMX,sell,L,10.21
2021-11-15,KMI,buy,L,16.86
2021-11-15,NEWR,buy,L,121.17
2021-11-15,PLUG,negative,L,41.82
2021-11-15,TSM,buy,L,118.12
2021-11-15,TWLO,buy,I,304.5
2021-11-16,CRM,buy,L,307.09
2021-11-16,DOCS,buy,L,67.8
2021-11-16,INTC,buy,I,50.61
2021-11-16,LCID,buy,I,55.52
2021-11-16,LLY,buy,L,257.72
2021-11-16,ROOT,sell,L,5.0
2021-11-16,SAVA,sell,L,61.69
2021-11-16,SQ,buy,I,238.47
2021-11-16,VIAC,buy,L,35.15
2021-11-16,WMT,buy,F,143.17
2021-11-16,ZETA,sell,L,9.14
2021-11-17,ABNB,buy,D,199.11
2021-11-17,AFRM,buy,D,151.72
2021-11-17,AMRS,positive,L,7.24
2021-11-17,CGC,negative,L,13.6
2021-11-17,CSCO,buy,I,56.76
2021-11-17,CSX,negative,L,35.54
2021-11-17,DASH,buy,D,229.46
2021-11-17,LCID,positive,D,52.55
2021-11-17,OKTA,buy,I,266.42
2021-11-17,RIO,sell,L,60.67
2021-11-17,RIVN,buy,D,146.07
2021-11-17,SQ,buy,D,231.85
2021-11-17,SWKS,buy,I,162.97
2021-11-17,UNP,buy,L,239.75
2021-11-17,WMT,buy,D,141.94
2021-11-18,AFRM,positive,D,139.13
2021-11-18,DIS,positive,F,155.58
2021-11-18,DWAC,sell,L,56.2
2021-11-18,HD,positive,D,405.85
2021-11-18,LMND,positive,L,54.07
2021-11-18,LOW,positive,D,247.38
2021-11-18,PGNY,buy,L,59.3
2021-11-18,TWTR,buy,I,48.6
2021-11-18,WDAY,buy,I,299.09
2021-11-18,WMT,negative,D,143.16
2021-11-18,ZIP,buy,L,31.35
2021-11-19,ADI,buy,D,188.8
2021-11-19,ASLE,sell,L,17.67
2021-11-19,BA,buy,L,214.13
2021-11-19,BBY,buy,D,136.13
2021-11-19,BLDE,buy,L,9.66
2021-11-19,CURI,sell,L,8.03
2021-11-19,DELL,buy,D,55.02
2021-11-19,DIS,buy,L,154.0
2021-11-19,DKS,buy,D,138.59
2021-11-19,DLTR,positive,D,134.96
2021-11-19,DM,buy,L,6.91
2021-11-19,HPQ,buy,D,31.45
2021-11-19,JOBY,sell,L,8.49
2021-11-19,LEVI,buy,I,27.63
2021-11-19,MARA,sell,L,54.68
2021-11-19,NVDA,buy,I,329.85
2021-11-19,PANW,buy,I,530.34
2021-11-19,VUZI,positive,L,13.04
2021-11-19,WSM,buy,I,215.65
2021-11-19,ZM,positive,D,251.3
2021-11-22,AMBA,positive,L,181.33
2021-11-22,CANO,buy,L,9.55
2021-11-22,CNC,buy,D,74.08
2021-11-22,COOK,buy,I,14.13
2021-11-22,JNJ,buy,D,159.7
2021-11-22,LLY,buy,L,260.44
2021-11-22,MRNA,negative,L,282.69
2021-11-22,MS,buy,D,99.32
2021-11-22,NVDA,buy,I,319.56
2021-11-22,UPS,buy,D,210.88
2021-11-22,ZBRA,buy,I,602.97
2021-11-29,AEO,buy,D,26.93
2021-11-29,AEP,buy,D,83.31
2021-11-29,AXP,buy,D,157.86
2021-11-29,BMY,buy,L,54.64
2021-11-29,BNGO,sell,L,3.93
2021-11-29,CHGG,buy,L,25.7
2021-11-29,CNC,buy,D,73.77
2021-11-29,CRSP,buy,L,77.98
2021-11-29,DIS,negative,D,147.81
2021-11-29,F,buy,D,19.67
2021-11-29,HD,buy,D,406.82
2021-11-29,LEN,buy,D,107.25
2021-11-29,LMND,negative,L,51.32
2021-11-29,LOW,buy,D,248.58
2021-11-29,M,buy,D,29.75
2021-11-29,MAR,buy,D,150.77
2021-11-29,MSFT,buy,D,336.63
2021-11-29,MTTR,sell,L,33.05
2021-11-29,NCLH,buy,D,20.22
2021-11-29,NFLX,buy,D,663.84
2021-11-29,OSCR,sell,L,9.27
2021-11-29,PANW,buy,D,551.18
2021-11-29,TOL,buy,D,64.31
2021-11-29,TSCO,buy,D,226.7
2021-11-29,UNH,buy,D,452.0
2021-11-29,WSM,buy,D,206.0
2021-11-29,WYNN,negative,D,83.0
2021-11-30,CRM,buy,I,284.96
2021-11-30,DAL,buy,L,36.2
2021-11-30,DOCN,positive,L,100.81
2021-11-30,GGPI,sell,L,13.46
2021-11-30,MSFT,buy,D,330.59
2021-11-30,NOK,buy,L,5.6
2021-11-30,NOW,buy,D,647.7
2021-11-30,PYPL,buy,I,184.89
2021-11-30,TDUP,sell,L,18.72
2021-11-30,VXRT,negative,L,7.96
2021-12-01,AXP,buy,D,150.06
2021-12-01,C,buy,D,62.52
2021-12-01,CCL,sell,L,16.38
2021-12-01,CP,buy,L,68.75
2021-12-01,DCRC,sell,L,11.6
2021-12-01,DIS,buy,D,142.15
2021-12-01,FLGT,buy,L,83.91
2021-12-01,INSM,negative,L,26.69
2021-12-01,KRTX,buy,I,123.05
2021-12-01,MA,buy,D,306.28
2021-12-01,NCLH,buy,L,17.79
2021-12-01,PYPL,buy,D,179.32
2021-12-01,U,buy,I,151.68
2021-12-01,WSM,buy,D,186.69
2021-12-01,WYNN,buy,D,76.06
2021-12-02,BA,buy,D,202.38
2021-12-02,BIRD,sell,F,16.07
2021-12-02,CRWD,buy,I,209.35
2021-12-02,ENB,buy,L,37.39
2021-12-02,GE,buy,D,95.23
2021-12-02,GSK,positive,L,41.47
2021-12-02,HON,buy,D,204.0
2021-12-02,HOOD,sell,L,24.2
2021-12-02,ON,buy,L,62.54
2021-12-02,SIG,buy,I,88.17
2021-12-02,T,sell,L,23.05
2021-12-02,VIR,buy,L,45.94
2021-12-03,AVGO,buy,D,558.12
2021-12-03,BOOT,buy,I,120.07
2021-12-03,CGC,sell,L,9.99
2021-12-03,CHWY,negative,D,62.69
2021-12-03,COST,buy,D,528.93
2021-12-03,COUP,negative,D,170.74
2021-12-03,GME,negative,D,172.39
2021-12-03,GRWG,sell,L,15.17
2021-12-03,HRL,positive,D,42.73
2021-12-03,LULU,positive,D,435.72
2021-12-03,MCRB,buy,L,10.68
2021-12-03,MDB,negative,D,450.16
2021-12-03,NVAX,sell,L,160.48
2021-12-03,ODP,sell,L,37.45
2021-12-03,PATH,positive,D,44.32
2021-12-03,PFE,buy,L,54.27
2021-12-03,PLTR,sell,L,18.98
2021-12-03,PRG,sell,D,45.14
2021-12-03,RH,buy,D,537.14
2021-12-03,S,negative,D,46.23
2021-12-03,TOL,buy,D,68.26
2021-12-03,VIAC,negative,L,31.07
2021-12-03,VTEX,negative,D,13.69
2021-12-03,WISH,buy,L,3.28
2021-12-06,AAPL,buy,D,165.32
2021-12-06,ABNB,buy,D,180.85
2021-12-06,AFRM,buy,D,110.95
2021-12-06,ASAN,sell,L,65.86
2021-12-06,CRM,buy,D,258.75
2021-12-06,CRWD,positive,D,194.71
2021-12-06,DKNG,positive,L,30.68
2021-12-06,DOCS,buy,L,57.56
2021-12-06,ENPH,buy,D,212.94
2021-12-06,ETSY,buy,D,224.9
2021-12-06,GSK,positive,L,41.76
2021-12-06,HUBS,positive,D,712.41
2021-12-06,MDB,hold,D,429.34
2021-12-06,NOW,positive,D,616.54
2021-12-06,OKTA,positive,D,217.88
2021-12-06,PANW,buy,D,501.22
2021-12-06,PENN,positive,L,50.74
2021-12-06,PLUG,positive,L,34.05
2021-12-06,RBLX,buy,D,113.25
2021-12-06,SNOW,negative,D,341.66
2021-12-06,TGTX,negative,L,16.3
2021-12-06,TWLO,buy,D,251.1
2021-12-06,VMW,buy,D,115.58
2021-12-06,WDAY,buy,D,269.09
2021-12-06,ZS,hold,D,274.36
2021-12-07,AOUT,buy,L,21.63
2021-12-07,CRM,positive,I,266.99
2021-12-07,F,buy,I,19.96
2021-12-07,ILMN,buy,L,369.43
2021-12-07,OLLI,sell,L,51.53
2021-12-07,S,buy,I,51.04
2021-12-07,SBUX,buy,I,116.26
2021-12-07,SOFI,buy,L,16.62
2021-12-08,BABA,negative,L,125.08
2021-12-08,BIGC,negative,L,42.84
2021-12-08,CVX,buy,D,118.45
2021-12-08,ENPH,buy,L,225.61
2021-12-08,EVGO,sell,L,12.17
2021-12-08,EW,buy,I,119.46
2021-12-08,F,buy,D,19.81
2021-12-08,HOG,sell,L,37.92
2021-12-08,HON,buy,D,204.65
2021-12-08,KNBE,sell,L,23.66
2021-12-08,LDI,negative,L,4.94
2021-12-08,MQ,sell,L,19.11
2021-12-08,PANW,buy,L,530.63
2021-12-08,SG,negative,F,33.0
2021-12-09,BA,buy,F,207.56
2021-12-09,CP,positive,L,72.04
2021-12-09,CVS,positive,D,97.31
2021-12-09,DAC,sell,L,72.34
2021-12-09,F,buy,I,19.57
2021-12-09,HRL,buy,I,44.8
2021-12-09,IONS,sell,L,30.28
2021-12-09,MP,buy,I,45.42
2021-12-09,RPRX,buy,L,38.17
2021-12-09,SLI,positive,L,9.01
2021-12-09,UNP,buy,L,247.25
2021-12-09,VIAC,positive,D,31.07
2021-12-10,AAWW,buy,L,87.2
2021-12-10,ACN,buy,D,379.44
2021-12-10,ADBE,buy,D,654.45
2021-12-10,AMD,buy,D,138.55
2021-12-10,AVGO,buy,D,631.68
2021-12-10,AZEK,buy,I,42.38
2021-12-10,COST,buy,D,558.82
2021-12-10,CPB,negative,D,43.15
2021-12-10,DRI,buy,D,151.81
2021-12-10,ENPH,buy,L,215.02
2021-12-10,F,buy,L,21.45
2021-12-10,FDX,negative,D,246.28
2021-12-10,FLEX,positive,L,17.29
2021-12-10,JBL,buy,L,65.4
2021-12-10,LEN,positive,D,116.91
2021-12-10,LLY,buy,D,244.14
2021-12-10,NUE,buy,D,113.21
2021-12-10,ORCL,buy,D,102.63
2021-12-10,REGN,buy,D,669.52
2021-12-10,RUN,sell,L,42.3
2021-12-10,ZEV,sell,L,6.15
2021-12-13,AAPL,negative,D,175.74
2021-12-13,BAC,buy,D,43.58
2021-12-13,BEP,positive,L,33.46
2021-12-13,F,buy,D,20.43
2021-12-13,MDB,buy,I,494.93
2021-12-13,NIO,sell,L,33.66
2021-12-13,PFE,buy,D,55.2
2021-12-13,SIVB,buy,I,675.6
2021-12-13,STWD,negative,L,23.91
2021-12-13,TJX,positive,L,73.13
2021-12-13,TSLA,negative,D,966.41
2021-12-13,VTRS,negative,L,12.55
2021-12-14,BHC,buy,I,24.49
2021-12-14,BMBL,buy,I,35.31
2021-12-14,BROS,negative,D,49.69
2021-12-14,CVX,buy,L,116.22
2021-12-14,DOCS,positive,L,53.18
2021-12-14,HOOD,negative,L,19.13
2021-12-14,IONQ,sell,L,16.1
2021-12-14,MARA,sell,L,37.33
2021-12-14,MCFE,sell,L,25.71
2021-12-14,MS,buy,L,98.82
2021-12-14,NLOK,buy,L,24.27
2021-12-14,RDS.A,negative,L,42.68
2021-12-14,SBUX,positive,D,114.71
2021-12-14,TSLA,positive,D,958.51
2021-12-14,WSM,positive,D,170.0
2021-12-14,WU,buy,L,18.2
2021-12-15,ASO,buy,L,42.59
2021-12-15,CPB,buy,I,43.49
2021-12-15,DNLI,negative,L,45.51
2021-12-15,ENB,buy,I,37.08
2021-12-15,EVBG,negative,L,67.19
2021-12-15,GOLD,positive,L,17.65
2021-12-15,ME,buy,L,7.6
2021-12-15,NEOG,buy,I,42.83
2021-12-15,SPLK,negative,L,112.82
2021-12-16,ADBE,buy,I,566.09
2021-12-16,BZFD,sell,F,6.21
2021-12-16,CAMT,buy,L,40.78
2021-12-16,CLX,buy,D,178.17
2021-12-16,FVRR,sell,L,113.08
2021-12-16,LLY,buy,D,279.04
2021-12-16,MS,buy,D,100.3
2021-12-16,SPCE,sell,L,14.3
2021-12-16,STT,positive,L,92.69
2021-12-16,T,positive,L,23.71
2021-12-16,W,sell,F,189.51
2021-12-16,WFC,buy,D,50.3
2021-12-17,AEO,buy,L,23.05
2021-12-17,AMD,buy,D,137.75
2021-12-17,BB,sell,D,9.17
2021-12-17,CLMT,buy,L,13.75
2021-12-17,CTAS,buy,D,438.51
2021-12-17,DLTH,negative,L,14.76
2021-12-17,EW,buy,L,122.12
2021-12-17,GIS,buy,D,67.65
2021-12-17,KMX,buy,D,137.54
2021-12-17,LLY,buy,D,267.42
2021-12-17,LULU,positive,L,384.66
2021-12-17,MDT,sell,L,100.63
2021-12-17,MU,buy,D,83.0
2021-12-17,NKE,negative,D,161.36
2021-12-17,NUE,buy,F,118.0
2021-12-17,ORGN,buy,F,5.99
2021-12-17,PAYX,buy,D,123.89
2021-12-17,PEP,buy,D,168.3
2021-12-17,PSFE,negative,L,3.89
2021-12-17,PTLO,buy,F,31.73
2021-12-17,PTON,sell,L,42.45
2021-12-17,STEM,buy,I,18.8
2021-12-20,AAPL,buy,D,169.75
2021-12-20,AEVA,sell,L,7.94
2021-12-20,BHC,buy,F,25.7
2021-12-20,CMPS,negative,L,23.88
2021-12-20,DOMA,sell,L,5.24
2021-12-20,EPD,buy,L,20.73
2021-12-20,GSK,buy,F,43.06
2021-12-20,INO,sell,L,6.28
2021-12-20,JNJ,buy,F,167.75
2021-12-20,MGP,buy,L,37.29
2021-12-20,MSFT,buy,D,319.91
2021-12-20,NVDA,buy,D,277.19
2021-12-20,TPGY,sell,L,9.87
2021-12-20,TSLA,positive,D,899.94
2021-12-20,TTWO,buy,D,178.35
2021-12-21,AAPL,buy,D,172.99
2021-12-21,AMAT,buy,D,151.42
2021-12-21,BLDE,buy,I,9.4
2021-12-21,F,buy,D,19.61
2021-12-21,GLW,negative,L,36.26
2021-12-21,GM,buy,D,54.79
2021-12-21,IEP,sell,L,49.6
2021-12-21,INCY,buy,L,73.68
2021-12-21,LRCX,buy,D,683.07
2021-12-21,MSFT,buy,D,327.29
2021-12-21,MU,buy,D,90.68
2021-12-21,SWKS,buy,D,152.63
2021-12-22,AAPL,buy,D,176.28
2021-12-22,AI,sell,L,33.44
2021-12-22,BIIB,negative,D,235.41
2021-12-22,BOXD,buy,I,11.91
2021-12-22,BPMP,sell,L,15.47
2021-12-22,CLNE,negative,L,6.51
2021-12-22,CTRE,sell,L,22.54
2021-12-22,DAL,buy,D,39.13
2021-12-22,DIS,buy,D,151.88
2021-12-22,DVN,buy,D,42.05
2021-12-22,EXC,buy,L,54.37
2021-12-22,F,buy,D,20.25
2021-12-22,KIND,buy,L,8.82
2021-12-22,LAZR,buy,L,16.7
2021-12-22,LEN,buy,D,112.35
2021-12-22,LLY,buy,F,266.5
2021-12-22,LPRO,buy,D,24.56
2021-12-22,MA,buy,D,357.48
2021-12-22,MAR,buy,D,162.58
2021-12-22,MP,buy,D,43.12
2021-12-22,MS,buy,L,98.3
2021-12-22,MTTR,buy,D,23.22
2021-12-22,NCLH,buy,D,22.62
2021-12-22,NVDA,buy,D,296.4
2021-12-22,PANW,buy,D,554.76
2021-12-22,PAYX,buy,I,133.41
2021-12-22,PENN,buy,L,51.4
2021-12-22,PFE,buy,D,58.71
2021-12-22,PLUG,negative,L,29.4
2021-12-22,PXD,buy,D,180.03
2021-12-22,RBLX,buy,L,102.77
2021-12-22,RH,buy,D,544.57
2021-12-22,SCHW,buy,L,84.38
2021-12-22,SNOW,buy,L,358.1
2021-12-22,T,negative,D,24.87
2021-12-22,TOL,buy,D,70.9
2021-12-22,TTD,buy,L,93.49
2021-12-22,V,buy,D,217.96
2021-12-22,VCEL,buy,L,41.64
2021-12-22,VTR,negative,L,49.08
2021-12-22,WSM,buy,D,171.89
2021-12-22,WYNN,buy,D,85.87
2022-01-03,AAPL,buy,D,182.01
2022-01-03,ABBV,buy,D,135.42
2022-01-03,ABT,buy,D,139.04
2022-01-03,ATVI,sell,D,67.42
2022-01-03,BAC,buy,L,46.18
2022-01-03,CTXS,sell,D,98.26
2022-01-03,CVX,buy,D,119.26
2022-01-03,ED,buy,D,85.13
2022-01-03,EMR,buy,D,91.76
2022-01-03,FTNT,negative,D,333.12
2022-01-03,GPN,negative,D,141.7
2022-01-03,HD,buy,D,408.64
2022-01-03,IPGP,buy,D,173.81
2022-01-03,JNJ,buy,D,171.54
2022-01-03,LEN,buy,D,111.81
2022-01-03,LEV,buy,L,9.99
2022-01-03,LIN,buy,D,338.64
2022-01-03,LVS,negative,D,38.85
2022-01-03,MKTX,negative,D,396.83
2022-01-03,NEE,buy,L,91.66
2022-01-03,NET,buy,D,126.16
2022-01-03,NFE,negative,L,25.03
2022-01-03,NVDA,buy,D,301.21
2022-01-03,PENN,negative,D,50.64
2022-01-03,TOL,buy,D,70.24
2022-01-03,WMT,buy,D,144.65
2022-01-03,WYNN,negative,D,87.77
2022-01-03,ZM,positive,D,184.26
2022-01-04,AMAT,buy,D,158.36
2022-01-04,AMC,negative,D,25.49
2022-01-04,AMD,buy,D,144.42
2022-01-04,APA,buy,L,29.46
2022-01-04,ASML,buy,D,779.19
2022-01-04,BIDU,sell,D,146.53
2022-01-04,DDOG,negative,D,157.76
2022-01-04,DE,buy,D,371.29
2022-01-04,EBIX,sell,L,31.4
2022-01-04,F,buy,D,24.31
2022-01-04,GME,negative,D,148.91
2022-01-04,IEP,sell,L,52.64
2022-01-04,JD,sell,D,64.2
2022-01-04,KLAC,buy,D,431.24
2022-01-04,LCID,negative,D,39.41
2022-01-04,MOS,buy,L,40.5
2022-01-04,MRVL,buy,D,88.37
2022-01-04,OKTA,negative,D,215.01
2022-01-04,OPY,buy,L,46.76
2022-01-04,OTTR,buy,L,68.36
2022-01-04,PTON,sell,D,33.82
2022-01-04,PYPL,buy,D,191.14
2022-01-04,SPLK,sell,D,115.8
2022-01-04,TDOC,sell,L,91.47
2022-01-04,TEAM,negative,D,334.99
2022-01-04,TMUS,buy,D,114.06
2022-01-04,VRTX,buy,L,221.86
2022-01-04,XM,sell,L,31.95
2022-01-04,ZM,buy,D,179.85
2022-01-04,ZS,negative,D,281.58
2022-01-05,AAPL,buy,D,174.92
2022-01-05,AGCO,buy,L,121.86
2022-01-05,AMGN,sell,D,225.14
2022-01-05,ATAI,positive,L,6.44
2022-01-05,BA,negative,D,213.07
2022-01-05,BHC,buy,D,27.01
2022-01-05,CNHI,buy,L,16.44
2022-01-05,CRM,buy,D,227.67
2022-01-05,CSCO,buy,D,60.28
2022-01-05,CVS,buy,D,105.81
2022-01-05,DE,buy,L,372.05
2022-01-05,DIS,negative,D,155.19
2022-01-05,DOCS,buy,L,49.13
2022-01-05,EPD,buy,L,22.88
2022-01-05,GS,positive,D,398.63
2022-01-05,HD,buy,D,407.24
2022-01-05,HON,positive,D,211.06
2022-01-05,ILMN,buy,L,367.88
2022-01-05,MA,positive,D,373.9
2022-01-05,MCD,positive,D,267.19
2022-01-05,MS,buy,D,101.68
2022-01-05,MSFT,buy,D,316.38
2022-01-05,NLOK,buy,L,26.2
2022-01-05,NUE,positive,D,122.72
2022-01-05,NVDA,buy,D,276.04
2022-01-05,PANW,buy,D,504.86
2022-01-05,RSKD,sell,L,6.73
2022-01-05,SOFI,negative,L,14.1
2022-01-05,UNH,buy,D,489.69
2022-01-05,WBA,sell,D,54.0
2022-01-05,WMT,negative,D,143.92
2022-01-06,AYX,sell,L,57.89
2022-01-06,BBBY,buy,I,14.43
2022-01-06,CAG,buy,I,33.53
2022-01-06,GH,sell,L,90.24
2022-01-06,MTTR,negative,L,16.3
2022-01-06,PSFE,buy,L,3.82
2022-01-06,SMG,buy,L,159.25
2022-01-06,STZ,buy,I,244.79
2022-01-06,TTD,negative,L,76.93
2022-01-06,VRT,buy,L,23.4
2022-01-07,AAPL,buy,D,172.17
2022-01-07,ACI,buy,D,31.21
2022-01-07,BLK,positive,D,892.27
2022-01-07,C,buy,D,65.78
2022-01-07,CSCO,buy,D,61.13
2022-01-07,CVS,buy,L,104.19
2022-01-07,DAL,negative,D,41.51
2022-01-07,DELL,buy,D,57.99
2022-01-07,IBM,buy,D,134.83
2022-01-07,JPM,buy,D,167.16
2022-01-07,KBH,positive,D,39.76
2022-01-07,MSFT,buy,D,314.04
2022-01-07,ORCL,buy,D,87.51
2022-01-07,RBLX,buy,L,84.37
2022-01-07,WFC,buy,D,54.77
2022-01-07,WSFS,buy,L,55.26
2022-01-10,ADBE,buy,D,525.83
2022-01-10,DKNG,sell,D,26.13
2022-01-10,DXCM,buy,I,462.34
2022-01-10,GRAB,buy,L,6.6
2022-01-10,IP,sell,L,48.57
2022-01-10,NIO,sell,L,28.91
2022-01-10,SGH,negative,L,66.34
2022-01-10,UBER,buy,F,42.6
2022-01-10,VERU,buy,L,5.34
2022-01-10,WYNN,sell,D,82.17
2022-01-10,ZNGA,positive,D,8.44
2022-01-11,AAPL,buy,D,175.08
2022-01-11,AMD,buy,D,137.31
2022-01-11,ATKR,buy,L,105.9
2022-01-11,BA,positive,D,216.02
2022-01-11,BMRN,buy,I,88.99
2022-01-11,GRWG,sell,L,11.47
2022-01-11,INMD,buy,L,54.95
2022-01-11,LICY,sell,L,8.99
2022-01-11,NFLX,negative,D,540.84
2022-01-11,NVCR,buy,L,68.37
2022-01-11,NVDA,buy,D,278.17
2022-01-11,RIO,buy,L,74.42
2022-01-11,RIVN,negative,L,83.55
2022-01-11,SBLK,sell,L,23.06
2022-01-11,SPCE,sell,L,12.39
2022-01-11,ZTS,buy,I,212.8
2022-01-12,BABA,sell,L,137.41
2022-01-12,CHPT,sell,L,15.99
2022-01-12,DVN,buy,I,49.9
2022-01-12,PRTA,buy,L,37.47
2022-01-12,QS,negative,L,20.94
2022-01-12,RIO,buy,L,76.07
2022-01-12,SQSP,sell,L,30.21
2022-01-12,VALE,sell,L,15.55
2022-01-12,VIAC,buy,F,34.97
2022-01-18,ABNB,buy,F,154.69
2022-01-18,BA,buy,D,225.01
2022-01-18,CVET,buy,L,16.61
2022-01-18,GS,buy,D,354.4
2022-01-18,MSFT,positive,D,302.65
2022-01-18,SEAH,buy,I,9.98
2022-01-18,TMUS,buy,L,106.91
2022-01-18,UL,positive,D,46.45
2022-01-18,UP,sell,L,4.05
2022-01-18,VEEV,negative,L,218.27
2022-01-19,BAC,buy,D,46.44
2022-01-19,CVGI,buy,L,8.01
2022-01-19,CVX,buy,D,128.91
2022-01-19,DD,sell,L,81.58
2022-01-19,DVN,buy,D,48.93
2022-01-19,FANG,buy,D,125.71
2022-01-19,FREY,sell,L,9.7
2022-01-19,LUV,sell,L,44.43
2022-01-19,MS,buy,D,95.73
2022-01-19,PG,buy,D,162.0
2022-01-19,PXD,buy,D,219.06
2022-01-19,SAVE,positive,L,22.68
2022-01-19,SOFI,buy,I,13.71
2022-01-19,UNH,buy,D,462.52
2022-01-19,VGR,sell,L,11.59
2022-01-20,AMN,buy,L,96.65
2022-01-20,BAC,positive,D,45.75
2022-01-20,BIRD,sell,L,13.44
2022-01-20,C,negative,D,64.46
2022-01-20,FHN,buy,I,17.39
2022-01-20,GS,positive,D,348.1
2022-01-20,JPM,positive,D,147.66
2022-01-20,LECO,buy,L,129.45
2022-01-20,ME,negative,L,4.65
2022-01-20,MRNA,negative,L,167.52
2022-01-20,MS,positive,D,99.83
2022-01-20,NEE,buy,L,83.51
2022-01-20,ONON,sell,L,26.26
2022-01-20,PFE,buy,L,54.05
2022-01-20,PLD,buy,I,154.14
2022-01-20,SNY,positive,L,52.09
2022-01-20,SPRO,sell,L,12.05
2022-01-20,WFC,buy,D,55.0
2022-01-21,AAPL,buy,D,162.41
2022-01-21,AXP,buy,D,158.74
2022-01-21,BA,negative,D,205.44
2022-01-21,CARR,buy,L,47.8
2022-01-21,CAT,negative,D,214.09
2022-01-21,CVX,positive,D,126.91
2022-01-21,CYXT,sell,D,10.86
2022-01-21,DLR,buy,D,154.95
2022-01-21,GDRX,sell,L,23.51
2022-01-21,GE,positive,D,96.3
2022-01-21,GRWG,sell,L,7.75
2022-01-21,HAL,positive,D,27.54
2022-01-21,HBAN,buy,I,15.18
2022-01-21,HRB,sell,L,21.44
2022-01-21,IBM,negative,D,129.35
2022-01-21,INMD,buy,L,43.01
2022-01-21,JNJ,positive,D,164.87
2022-01-21,MCD,buy,D,254.59
2022-01-21,MSFT,buy,D,296.03
2022-01-21,NAUT,negative,D,3.97
2022-01-21,T,positive,L,26.61
2022-01-21,TSLA,buy,D,943.9
2022-01-24,ABNB,buy,D,147.9
2022-01-24,ADBE,positive,D,519.66
2022-01-24,ADT,sell,L,7.3
2022-01-24,BROS,buy,D,45.51
2022-01-24,CROX,buy,D,106.13
2022-01-24,DASH,buy,D,117.35
2022-01-24,DOCN,sell,L,55.66
2022-01-24,ENPH,buy,D,128.1
2022-01-24,EQRX,positive,L,4.61
2022-01-24,ETSY,buy,D,154.06
2022-01-24,HLTH,negative,L,8.11
2022-01-24,JPM,negative,D,144.95
2022-01-24,KSS,positive,D,63.71
2022-01-24,NFLX,negative,D,387.15
2022-01-24,NOW,positive,D,525.84
2022-01-24,OXY,sell,L,34.01
2022-01-24,PANW,buy,D,504.21
2022-01-24,PANW,buy,D,504.21
2022-01-24,PYPL,buy,D,162.17
2022-01-24,UPST,buy,D,91.36
2022-01-25,AEO,buy,D,23.65
2022-01-25,AGNC,negative,L,15.0
2022-01-25,AMC,negative,D,16.02
2022-01-25,APPS,sell,L,39.58
2022-01-25,AXP,positive,D,173.11
2022-01-25,CLF,buy,L,16.85
2022-01-25,CSX,negative,F,33.72
2022-01-25,GE,negative,D,91.11
2022-01-25,GME,negative,D,99.79
2022-01-25,IBM,positive,D,136.1
2022-01-25,JNJ,positive,D,167.63
2022-01-25,JPM,negative,D,146.53
2022-01-25,LOGI,buy,I,77.78
2022-01-25,NFLX,negative,D,366.42
2022-01-25,RTX,positive,D,90.31
2022-01-25,SDGR,negative,L,27.59
2022-01-25,UNP,buy,F,244.12
2022-01-25,VZ,buy,I,52.9
2022-01-25,WEBR,positive,L,10.56
2022-01-26,ARCB,sell,L,86.61
2022-01-26,AXP,buy,D,175.32
2022-01-26,BA,negative,D,194.27
2022-01-26,BBBY,buy,D,14.15
2022-01-26,CPE,buy,L,51.15
2022-01-26,CRNC,buy,D,59.24
2022-01-26,CURV,buy,D,8.31
2022-01-26,DELL,buy,D,55.34
2022-01-26,ENPH,buy,D,121.75
2022-01-26,ETSY,buy,D,141.3
2022-01-26,FFIV,sell,L,202.49
2022-01-26,GE,negative,D,89.32
2022-01-26,HPQ,buy,D,35.23
2022-01-26,IBM,buy,D,134.26
2022-01-26,JAZZ,negative,L,133.02
2022-01-26,JNJ,buy,D,168.38
2022-01-26,JPM,negative,D,147.92
2022-01-26,MMM,buy,D,169.3
2022-01-26,MSFT,buy,D,296.71
2022-01-26,NFLX,negative,D,359.7
2022-01-26,OLLI,buy,D,44.33
2022-01-26,PINS,buy,D,26.74
2022-01-26,RBLX,positive,L,63.02
2022-01-26,RVLV,buy,D,43.69
2022-01-26,TWTR,buy,D,33.62
2022-01-26,ULTA,buy,L,353.81
2022-01-26,UNP,buy,L,244.88
2022-01-26,UPST,buy,D,96.05
2022-01-26,VZ,buy,D,51.02
2022-01-26,WFC,buy,D,54.14
2022-01-26,XM,buy,I,24.25
2022-01-26,ZNGA,sell,L,8.66
2022-01-27,AAPL,buy,D,159.22
2022-01-27,ABBV,buy,L,135.97
2022-01-27,AMD,buy,D,102.6
2022-01-27,CGC,negative,L,6.85
2022-01-27,COOK,buy,D,8.8
2022-01-27,CRNC,buy,L,58.95
2022-01-27,DOLE,buy,D,13.0
2022-01-27,EDR,buy,D,29.63
2022-01-27,FXLV,buy,D,11.49
2022-01-27,HLLY,buy,D,11.06
2022-01-27,INTC,sell,D,48.05
2022-01-27,LPRO,buy,D,16.63
2022-01-27,MAXR,buy,L,24.55
2022-01-27,MKC,buy,I,98.2
2022-01-27,NUE,buy,I,96.74
2022-01-27,NVDA,buy,D,219.44
2022-01-27,PWP,buy,D,9.57
2022-01-27,TTD,sell,L,60.17
2022-01-27,VSTO,buy,L,36.41
2022-01-27,WW,sell,L,12.04
2022-01-27,XPOF,buy,D,15.9
2022-01-28,AAPL,buy,F,170.33
2022-01-28,ABBV,buy,D,137.92
2022-01-28,AMD,buy,D,105.24
2022-01-28,ASAN,sell,L,48.0
2022-01-28,BMY,buy,D,64.91
2022-01-28,BOOT,buy,I,85.69
2022-01-28,F,buy,D,19.54
2022-01-28,FB,buy,D,301.71
2022-01-28,GBX,buy,L,38.8
2022-01-28,GM,buy,D,50.24
2022-01-28,HI,buy,L,45.78
2022-01-28,HON,buy,D,201.99
2022-01-28,HOOD,negative,F,12.73
2022-01-28,HRI,buy,L,154.5
2022-01-28,LLY,buy,D,245.1
2022-01-28,NUE,buy,L,99.79
2022-01-28,NXPI,buy,D,189.45
2022-01-28,OTIS,buy,D,82.77
2022-01-28,PYPL,buy,D,163.52
2022-01-28,REGN,positive,D,624.92
2022-01-28,ROK,buy,I,284.6
2022-01-28,SBUX,positive,D,97.21
2022-01-28,TDUP,sell,L,8.28
2022-01-28,URI,buy,L,317.77
2022-01-28,XOM,positive,D,75.28
2022-01-31,AAPL,positive,D,174.78
2022-01-31,BA,negative,D,200.24
2022-01-31,CAT,negative,D,201.56
2022-01-31,CFR,buy,I,141.01
2022-01-31,CVX,negative,D,131.33
2022-01-31,DOV,buy,L,169.91
2022-01-31,GE,negative,D,94.48
2022-01-31,MA,positive,D,386.38
2022-01-31,MMM,negative,D,166.02
2022-01-31,NCLH,negative,L,20.83
2022-01-31,NFLX,positive,D,427.14
2022-01-31,NOW,positive,D,585.78
2022-01-31,PRFT,negative,L,104.82
2022-01-31,SI,buy,I,107.74
2022-01-31,WTW,buy,L,233.96
2022-02-01,AMAT,buy,L,138.61
2022-02-01,BC,buy,I,91.96
2022-02-01,COIN,negative,D,197.73
2022-02-01,CWH,buy,L,34.38
2022-02-01,DKNG,positive,D,23.68
2022-02-01,EW,buy,F,108.37
2022-02-01,EXAS,positive,D,77.4
2022-02-01,F,buy,D,20.66
2022-02-01,GLNG,positive,L,14.95
2022-02-01,GLW,buy,L,42.17
2022-02-01,HOOD,positive,D,14.65
2022-02-01,IRM,buy,L,46.12
2022-02-01,ISRG,buy,F,286.51
2022-02-01,NTLA,buy,D,99.8
2022-02-01,PL,sell,L,6.41
2022-02-01,ROKU,buy,D,166.26
2022-02-01,SPOT,positive,D,203.62
2022-02-01,SYK,buy,F,248.6
2022-02-01,TDOC,buy,D,80.34
2022-02-01,TSLA,buy,D,931.25
2022-02-01,TWLO,buy,D,210.57
2022-02-01,U,buy,D,107.8
2022-02-01,UPS,buy,D,230.69
2022-02-01,WFC,buy,D,55.6
2022-02-01,ZM,positive,D,155.68
2022-02-02,BOXD,sell,L,9.41
2022-02-02,CTRA,buy,F,22.92
2022-02-02,GPK,buy,L,18.85
2022-02-02,PYPL,negative,D,132.57
2022-02-02,SBUX,buy,D,97.73
2022-02-02,TMO,buy,I,604.13
2022-02-02,WM,buy,I,148.12
2022-02-03,AAPL,positive,D,172.9
2022-02-03,ALGN,buy,I,503.31
2022-02-03,BA,buy,D,206.39
2022-02-03,EL,buy,D,303.12
2022-02-03,ELF,buy,I,28.52
2022-02-03,FB,negative,D,237.76
2022-02-03,HON,buy,D,191.74
2022-02-03,KIND,buy,L,4.98
2022-02-03,QCOM,buy,I,179.1
2022-02-03,RKT,sell,L,11.83
2022-02-03,RTLR,buy,L,12.49
2022-02-04,BRK.B,buy,L,314.99
2022-02-04,CLF,buy,D,18.87
2022-02-04,CNC,positive,D,80.57
2022-02-04,COLM,buy,I,94.59
2022-02-04,CVS,buy,D,108.49
2022-02-04,DD,negative,D,76.06
2022-02-04,DIS,positive,D,142.02
2022-02-04,GILD,sell,L,63.9
2022-02-04,GM,buy,L,51.29
2022-02-04,GT,buy,D,21.03
2022-02-04,KO,buy,D,60.96
2022-02-04,MAT,buy,D,21.28
2022-02-04,NET,negative,D,103.19
2022-02-04,NOW,buy,D,577.52
2022-02-04,PEP,buy,D,172.49
2022-02-04,PFE,positive,D,53.0
2022-02-04,RIVN,sell,L,60.87
2022-02-04,SPG,positive,D,145.18
2022-02-04,T,sell,L,24.08
2022-02-04,TMO,buy,D,594.42
2022-02-04,TSN,negative,D,88.29
2022-02-04,TTWO,positive,D,175.0
2022-02-04,TWTR,negative,D,36.94
2022-02-04,UA,buy,D,16.43
2022-02-04,UAL,sell,L,42.82
2022-02-04,VZ,buy,L,53.31
2022-02-04,WAT,buy,I,325.91
2022-02-04,ZEN,sell,D,97.68
2022-02-22,AAL,negative,L,17.43
2022-02-22,ABBV,buy,L,145.56
2022-02-22,CARR,buy,I,45.29
2022-02-22,CRSP,sell,L,55.66
2022-02-22,CSCO,buy,D,56.3
2022-02-22,MAT,buy,I,24.15
2022-02-22,PANW,buy,I,475.51
2022-02-22,SIRI,positive,L,6.02
2022-02-22,UBER,sell,L,33.68
2022-02-22,WMT,buy,D,136.45
2022-02-23,CEQP,buy,L,28.73
2022-02-23,ET,buy,L,9.78
2022-02-23,GS,buy,I,341.19
2022-02-23,HD,negative,D,308.45
2022-02-23,LOW,positive,D,215.09
2022-02-23,LUMN,sell,L,9.62
2022-02-23,PANW,buy,L,477.61
2022-02-23,PTON,buy,I,27.0
2022-02-23,S,negative,L,34.09
2022-02-23,SCCO,buy,L,66.25
2022-02-23,TAP,buy,D,50.81
2022-02-23,VRT,sell,D,12.38
2022-02-24,ADSK,negative,L,218.18
2022-02-24,AEP,buy,I,86.56
2022-02-24,AMC,sell,D,17.68
2022-02-24,BHP,buy,L,63.5
2022-02-24,CRWD,buy,I,182.88
2022-02-24,FSK,sell,L,21.15
2022-02-24,GME,sell,D,124.58
2022-02-24,LIN,buy,L,285.25
2022-02-24,RVLV,buy,I,51.73
2022-02-24,SWCH,buy,L,24.18
2022-02-25,ABNB,buy,D,155.09
2022-02-25,BBY,negative,D,95.83
2022-02-25,CIEN,sell,L,68.7
2022-02-25,COST,buy,D,517.49
2022-02-25,CRM,positive,D,208.09
2022-02-25,CSCO,buy,L,56.04
2022-02-25,DASH,buy,D,100.34
2022-02-25,DELL,negative,D,51.46
2022-02-25,DPZ,positive,D,429.98
2022-02-25,DVN,buy,D,55.2
2022-02-25,ETSY,buy,D,148.94
2022-02-25,FUN,buy,L,57.07
2022-02-25,GOLD,buy,I,22.56
2022-02-25,HPQ,negative,D,34.45
2022-02-25,HTZ,buy,L,20.81
2022-02-25,KSS,sell,D,56.88
2022-02-25,MP,buy,L,46.85
2022-02-25,OKTA,negative,D,177.37
2022-02-25,PTON,buy,D,28.19
2022-02-25,RBLX,positive,L,50.05
2022-02-25,SNOW,positive,D,269.42
2022-02-25,SQ,buy,D,119.82
2022-02-25,TGT,buy,D,199.22
2022-02-25,WDAY,negative,D,225.23
2022-02-25,ZM,negative,D,125.32
2022-02-28,CLNE,buy,L,7.27
2022-02-28,DOCS,negative,L,61.35
2022-02-28,ENB,buy,L,43.18
2022-02-28,ETRN,sell,L,6.41
2022-02-28,HPQ,buy,I,34.36
2022-02-28,LAZ,buy,L,34.58
2022-02-28,OII,buy,L,14.64
2022-02-28,T,sell,L,23.69
2022-02-28,TELL,buy,L,3.81
2022-02-28,WDAY,buy,I,229.05
2022-03-01,ASO,buy,L,30.65
2022-03-01,CRM,buy,I,208.89
2022-03-01,CTRA,buy,I,24.36
2022-03-01,DPZ,buy,I,432.21
2022-03-01,NIO,sell,L,21.87
2022-03-01,ORGN,negative,L,5.51
2022-03-01,RCII,sell,L,27.08
2022-03-01,RILY,negative,L,59.07
2022-03-01,STEM,negative,L,9.33
2022-03-02,AEO,buy,D,21.33
2022-03-02,CIG,buy,L,2.61
2022-03-02,DBRG,sell,L,7.4
2022-03-02,DOW,buy,D,59.2
2022-03-02,F,buy,D,18.1
2022-03-02,FL,negative,L,30.98
2022-03-02,IIPR,buy,D,190.26
2022-03-02,IP,buy,D,42.01
2022-03-02,JWN,positive,D,26.93
2022-03-02,KTB,buy,D,48.03
2022-03-02,MASI,buy,L,153.63
2022-03-02,MS,buy,D,88.38
2022-03-02,NCLH,buy,L,19.06
2022-03-02,NWL,buy,D,23.68
2022-03-02,OKTA,buy,I,182.7
2022-03-02,PFE,buy,D,47.7
2022-03-02,SNOW,buy,I,264.69
2022-03-02,SPG,buy,D,138.77
2022-03-02,TSLA,negative,D,879.89
2022-03-03,DAR,buy,L,78.17
2022-03-03,DM,sell,L,3.84
2022-03-03,DOW,buy,L,59.67
2022-03-03,FND,sell,L,95.23
2022-03-03,GOOS,sell,L,25.31
2022-03-03,HPQ,buy,L,36.62
2022-03-03,IIPR,buy,L,187.48
2022-03-03,LOW,buy,L,226.28
2022-03-03,MMP,positive,L,49.02
2022-03-03,OKTA,sell,D,167.98
2022-03-03,PG,buy,F,154.36
2022-03-03,RIO,buy,L,84.0
2022-03-03,SNOW,sell,D,224.02
2022-03-03,SQ,buy,I,114.22
2022-03-03,TLRY,sell,L,5.42
2022-03-03,VVV,buy,L,31.81
2022-03-03,VZ,buy,I,54.66
2022-03-04,BIRD,sell,F,6.33
2022-03-04,BMBL,negative,D,18.08
2022-03-04,CPB,buy,D,45.55
2022-03-04,DKS,buy,D,109.71
2022-03-04,DOCU,negative,D,101.38
2022-03-04,DVN,buy,D,59.57
2022-03-04,EBAY,negative,D,55.66
2022-03-04,FCX,buy,L,50.11
2022-03-04,KSS,positive,D,58.77
2022-03-04,M,buy,D,24.8
2022-03-04,MDB,negative,D,306.11
2022-03-04,ONON,sell,F,21.97
2022-03-04,PRGS,sell,L,44.28
2022-03-04,REAL,sell,F,7.39
2022-03-04,RIVN,negative,D,47.39
2022-03-04,SFIX,negative,D,11.17
2022-03-04,SPCE,sell,L,7.84
2022-03-04,SPLK,buy,I,129.06
2022-03-04,T,sell,D,23.87
2022-03-04,TREX,sell,L,74.68
2022-03-04,TWNK,buy,I,22.22
2022-03-04,ULTA,buy,D,366.76
2022-03-04,UP,positive,D,3.13
2022-03-14,BROS,buy,I,48.28
2022-03-14,EPD,buy,L,24.58
2022-03-14,HON,buy,I,183.2
2022-03-14,MRVL,buy,I,60.25
2022-03-14,NUE,sell,L,132.05
2022-03-14,SMG,buy,L,111.87
2022-03-14,SNAP,sell,L,28.0
2022-03-14,STOR,negative,L,28.73
2022-03-14,TWTR,positive,L,33.03
2022-03-15,AAL,positive,D,15.57
2022-03-15,AI,sell,L,17.47
2022-03-15,BHC,buy,L,21.97
2022-03-15,CNC,buy,D,85.61
2022-03-15,COUP,buy,I,72.55
2022-03-15,D,buy,L,81.02
2022-03-15,FHN,sell,D,23.16
2022-03-15,HUM,positive,D,439.87
2022-03-15,MRVL,buy,D,65.78
2022-03-15,OMI,buy,D,41.63
2022-03-15,QS,negative,L,14.35
2022-03-15,SNOW,positive,L,170.78
2022-03-15,SOFI,buy,L,8.2
2022-03-15,UNH,buy,D,497.91
2022-03-15,ZBRA,buy,L,387.08
2022-03-15,ZIM,positive,L,85.24
2022-03-16,AGCO,buy,L,130.35
2022-03-16,AXP,buy,I,180.61
2022-03-16,CROX,buy,L,77.44
2022-03-16,CTRA,buy,L,23.47
2022-03-16,DE,buy,L,388.2
2022-03-16,NTR,negative,L,93.82
2022-03-16,S,buy,I,35.05
2022-03-17,BBY,buy,D,99.29
2022-03-17,CCL,negative,L,19.15
2022-03-17,CTRA,buy,D,24.74
2022-03-17,DG,buy,D,221.94
2022-03-17,DVN,buy,D,57.52
2022-03-17,GOOS,negative,L,23.97
2022-03-17,HON,positive,D,191.93
2022-03-17,NCLH,buy,L,19.69
2022-03-17,NXPI,buy,D,189.77
2022-03-17,OHI,sell,L,29.05
2022-03-17,PLD,buy,D,156.66
2022-03-17,PXD,buy,D,241.39
2022-03-17,RBLX,negative,L,46.35
2022-03-17,RGR,negative,L,73.28
2022-03-17,RL,buy,L,119.22
2022-03-17,SIG,buy,I,83.14
2022-03-17,TSCO,buy,D,232.6
2022-03-17,VTR,buy,L,59.25
2022-03-17,WFC,buy,D,51.48
2022-03-17,WSM,buy,I,160.69
2022-03-17,WU,buy,L,17.93
2022-03-18,ADBE,positive,D,453.33
2022-03-18,DKNG,positive,L,19.62
2022-03-18,DRI,positive,D,133.63
2022-03-18,EPD,buy,L,24.13
2022-03-18,GILD,sell,L,59.42
2022-03-18,GIS,positive,D,62.41
2022-03-18,HAYW,buy,D,17.56
2022-03-18,HIMS,sell,L,5.1
2022-03-18,HR,buy,L,27.38
2022-03-18,KBH,positive,D,38.39
2022-03-18,MKTW,buy,D,4.43
2022-03-18,NKE,negative,D,131.24
2022-03-18,NVDA,buy,D,264.53
2022-03-18,OLLI,buy,D,42.91
2022-03-18,RYAN,buy,D,36.12
2022-03-18,SEAT,buy,D,11.39
2022-03-18,SHLX,sell,L,13.93
2022-03-18,SOVO,buy,D,12.63
2022-03-18,TWO,sell,L,5.38
2022-03-18,VCSA,buy,I,7.98
2022-03-18,VTR,buy,L,59.46
2022-03-21,APPF,buy,L,111.86
2022-03-21,AXP,buy,D,189.09
2022-03-21,BRK.B,buy,L,349.66
2022-03-21,DAL,buy,D,36.09
2022-03-21,EGY,buy,L,6.12
2022-03-21,EPD,buy,L,24.56
2022-03-21,KR,buy,F,55.68
2022-03-21,M,buy,D,26.78
2022-03-21,PAA,positive,L,10.85
2022-03-21,PPG,buy,L,128.91
2022-03-21,SBLK,buy,L,29.59
2022-03-21,SF,buy,I,69.45
2022-03-21,TFC,buy,L,58.62
2022-03-22,ADM,buy,D,87.56
2022-03-22,AGCO,buy,D,137.92
2022-03-22,BHC,buy,I,24.05
2022-03-22,CANO,sell,L,7.15
2022-03-22,CCJ,buy,L,29.19
2022-03-22,CF,sell,D,100.0
2022-03-22,CTVA,positive,D,56.48
2022-03-22,CVS,buy,L,107.23
2022-03-22,DE,buy,D,427.55
2022-03-22,HBAN,buy,L,15.42
2022-03-22,IOT,sell,L,17.48
2022-03-22,MOS,sell,D,65.68
2022-03-22,MU,buy,L,79.12
2022-03-22,NKE,buy,F,133.09
2022-03-22,NTR,sell,D,104.56
2022-03-22,THO,positive,L,88.94
2022-03-23,DDD,sell,L,15.83
2022-03-23,FXLV,buy,I,12.13
2022-03-23,HLLY,buy,I,14.01
2022-03-23,HOOD,negative,L,13.08
2022-03-23,NVDA,buy,F,256.34
2022-03-23,ONON,negative,L,27.44
2022-03-23,SEDG,positive,L,327.27
2022-03-23,SMG,negative,L,124.58
2022-03-23,T,sell,L,23.21
2022-03-24,AGCO,buy,I,143.0
2022-03-24,BTU,sell,L,25.25
2022-03-24,DOCU,positive,D,104.55
2022-03-24,EL,buy,D,276.68
2022-03-24,ENVX,sell,L,14.48
2022-03-24,INTC,positive,D,51.62
2022-03-24,IONS,buy,L,36.92
2022-03-24,JBLU,buy,L,14.44
2022-03-24,MRNA,positive,L,179.68
2022-03-24,MRVL,buy,D,73.76
2022-03-24,NVDA,buy,D,281.5
2022-03-24,SWK,buy,L,138.74
2022-03-24,TMUS,buy,I,125.69
2022-03-24,VZ,positive,D,51.0
2022-03-24,YNDX,sell,L,18.94
2022-03-24,ZIM,negative,L,71.86
2022-03-25,AA,sell,L,91.96
2022-03-25,AAPL,buy,D,174.72
2022-03-25,ACHR,sell,L,5.11
2022-03-25,AGNC,sell,L,13.27
2022-03-25,BAC,buy,L,43.73
2022-03-25,BHF,sell,L,53.87
2022-03-25,CEG,buy,F,53.8
2022-03-25,CVS,buy,D,108.56
2022-03-25,DLO,buy,I,30.51
2022-03-25,FB,buy,D,221.82
2022-03-25,FIVE,positive,D,162.39
2022-03-25,LULU,buy,D,321.14
2022-03-25,MKC,buy,D,97.92
2022-03-25,MU,buy,D,78.1
2022-03-25,NFLX,buy,D,373.85
2022-03-25,NRG,positive,D,37.03
2022-03-25,PAYX,buy,D,128.71
2022-03-25,PLAY,positive,D,43.34
2022-03-25,PVH,positive,D,83.72
2022-03-25,RH,buy,D,351.96
2022-03-25,VST,positive,D,22.74
2022-03-25,WBA,sell,D,47.12
2022-03-28,ABMD,buy,I,321.81
2022-03-28,AGCO,buy,D,148.65
2022-03-28,BHC,buy,L,22.58
2022-03-28,COST,buy,D,565.21
2022-03-28,CVX,buy,D,166.35
2022-03-28,DVN,buy,D,60.45
2022-03-28,ENB,buy,L,45.94
2022-03-28,INMD,buy,L,38.02
2022-03-28,KBH,negative,F,33.83
2022-03-28,LLY,buy,D,291.66
2022-03-28,NXPI,buy,L,189.42
2022-03-28,PLAY,negative,D,43.12
2022-03-28,WFC,buy,L,51.81
2022-03-29,ADBE,positive,D,466.33
2022-03-29,FDX,buy,I,238.57
2022-03-29,FMC,buy,L,130.7
2022-03-29,MKC,buy,I,96.9
2022-03-29,RKT,sell,L,11.23
2022-03-29,SIGA,buy,L,7.13
2022-03-29,VFF,sell,L,5.74
2022-03-29,YETI,buy,F,61.3
2022-03-30,CF,positive,L,101.01
2022-03-30,CGC,negative,L,7.96
2022-03-30,CHWY,sell,F,42.79
2022-03-30,CROX,sell,L,79.56
2022-03-30,DE,positive,D,415.55
2022-03-30,DVN,buy,D,60.56
2022-03-30,HTZ,buy,L,22.02
2022-03-30,JD,sell,L,61.49
2022-03-30,MU,buy,D,79.16
2022-03-30,OLN,negative,L,52.89
2022-03-30,PAYX,buy,I,136.89
2022-03-30,TELL,buy,I,5.44
2022-03-30,WOOF,buy,D,19.73
2022-03-31,ALTO,buy,F,6.82
2022-03-31,DG,buy,F,222.63
2022-03-31,DLTR,positive,F,160.15
2022-03-31,EVGO,sell,L,12.86
2022-03-31,GEVO,sell,L,4.68
2022-03-31,KOS,buy,L,7.19
2022-03-31,LAND,negative,F,36.42
2022-03-31,PANW,buy,I,622.51
2022-03-31,RADA,negative,L,13.93
2022-03-31,T,negative,L,23.63
2022-04-01,AYI,sell,D,191.12
2022-04-01,BATRK,buy,D,27.89
2022-04-01,BR,buy,I,156.31
2022-04-01,CAG,buy,D,34.08
2022-04-01,EDR,buy,D,29.5
2022-04-01,FWONA,buy,D,63.27
2022-04-01,GBX,negative,D,50.85
2022-04-01,JOBY,sell,L,6.47
2022-04-01,LEVI,positive,D,19.83
2022-04-01,MANU,positive,D,14.7
2022-04-01,ME,buy,L,3.96
2022-04-01,MSGS,positive,D,178.26
2022-04-01,NKLA,sell,L,10.03
2022-04-01,OWL,buy,I,12.79
2022-04-01,STZ,buy,D,233.71
2022-04-01,WW,sell,L,10.59
2022-04-04,AMD,buy,D,110.53
2022-04-04,AUPH,positive,L,12.55
2022-04-04,DASH,sell,D,127.21
2022-04-04,DOCU,negative,D,112.28
2022-04-04,KLAC,positive,L,367.05
2022-04-04,KLIC,sell,L,55.5
2022-04-04,LRCX,buy,L,535.55
2022-04-04,PSEC,negative,L,8.35
2022-04-04,PTON,buy,D,27.81
2022-04-04,PUBM,negative,L,27.96
2022-04-04,PYPL,positive,D,121.86
2022-04-04,ROKU,negative,D,134.59
2022-04-04,SHOP,buy,D,727.29
2022-04-04,ZM,sell,D,124.28
2022-04-05,ACC,buy,F,55.79
2022-04-05,AVB,buy,F,249.44
2022-04-05,CPT,buy,F,169.91
2022-04-05,CTSH,buy,L,86.8
2022-04-05,FSR,positive,L,13.91
2022-04-05,IRT,buy,F,26.26
2022-04-05,LNG,buy,F,140.76
2022-04-05,NOV,buy,L,19.37
2022-04-05,TELL,buy,F,6.01
2022-04-05,UAL,buy,L,44.71
2022-04-06,BAC,buy,L,39.7
2022-04-06,BXC,buy,L,60.41
2022-04-06,CLF,positive,L,31.09
2022-04-06,DOCN,sell,L,53.8
2022-04-06,DOUG,buy,L,6.88
2022-04-06,L,buy,F,63.36
2022-04-06,NCLH,buy,I,20.68
2022-04-06,POSH,sell,L,12.6
2022-04-06,SAVE,sell,F,26.28
2022-04-06,TPC,buy,L,9.75
2022-04-06,WCN,negative,L,141.75
2022-04-06,WM,buy,L,161.1
2022-04-07,ACMR,negative,L,19.06
2022-04-07,BBY,buy,I,92.07
2022-04-07,CAG,buy,I,34.43
2022-04-07,CHD,buy,D,103.42
2022-04-07,ELY,negative,F,22.19
2022-04-07,GOLF,buy,F,40.74
2022-04-07,HPQ,buy,D,40.06
2022-04-07,HTZ,buy,L,21.8
2022-04-07,LLY,positive,D,308.43
2022-04-07,PATH,sell,L,21.08
2022-04-07,TGT,buy,D,228.19
2022-04-08,ACI,buy,D,35.28
2022-04-08,AEO,negative,D,16.21
2022-04-08,AVAV,buy,L,103.09
2022-04-08,BAC,buy,D,39.67
2022-04-08,BAK,sell,L,18.95
2022-04-08,BBBY,positive,D,19.48
2022-04-08,BBWI,buy,D,46.13
2022-04-08,BBY,buy,D,93.36
2022-04-08,BKE,negative,D,32.59
2022-04-08,BLK,buy,D,736.1
2022-04-08,CISO,negative,L,6.54
2022-04-08,DAL,sell,D,36.74
2022-04-08,DKS,buy,D,104.05
2022-04-08,DWAC,negative,L,46.29
2022-04-08,FRT,buy,L,120.98
2022-04-08,GS,buy,D,321.39
2022-04-08,JPM,buy,D,133.49
2022-04-08,KMX,buy,D,102.22
2022-04-08,KSS,negative,D,57.81
2022-04-08,M,buy,D,23.73
2022-04-08,MAT,buy,L,21.95
2022-04-08,O,buy,L,72.16
2022-04-08,PANW,buy,L,608.23
2022-04-08,PTLO,buy,L,22.45
2022-04-08,ROIC,sell,L,19.15
2022-04-08,SIG,buy,D,70.14
2022-04-08,STZ,buy,I,244.46
2022-04-08,WSM,buy,D,146.92
2022-04-11,AAPL,sell,D,165.75
2022-04-11,DG,positive,D,240.77
2022-04-11,DIS,buy,D,130.65
2022-04-11,DKNG,positive,L,16.87
2022-04-11,DRI,buy,D,126.54
2022-04-11,EDIT,sell,L,17.57
2022-04-11,EXPE,buy,D,177.3
2022-04-11,FB,sell,D,216.46
2022-04-11,FIVE,positive,D,173.95
2022-04-11,HSY,buy,F,223.93
2022-04-11,LEVI,positive,D,18.86
2022-04-11,LULU,positive,D,368.74
2022-04-11,MAR,buy,D,162.45
2022-04-11,MO,positive,L,54.45
2022-04-11,NFLX,sell,D,348.0
2022-04-11,NKE,positive,D,124.98
2022-04-11,SOFI,negative,L,7.72
2022-04-11,SYY,buy,D,84.71
2022-04-12,AAPL,buy,D,167.66
2022-04-12,BK,buy,F,47.65
2022-04-12,CTRA,buy,D,28.37
2022-04-12,DVN,buy,D,62.26
2022-04-12,EPD,buy,L,26.44
2022-04-12,ET,buy,L,11.36
2022-04-12,FANG,buy,D,139.18
2022-04-12,GGPI,sell,L,11.91
2022-04-12,HPK,buy,F,21.88
2022-04-12,MNDY,sell,L,141.13
2022-04-12,NLOK,sell,L,26.43
2022-04-12,PXD,buy,D,252.53
2022-04-12,RUN,sell,L,25.62
2022-04-12,SBNY,buy,F,268.69
2022-04-12,SCHW,buy,F,80.07
2022-04-12,STT,buy,F,82.25
2022-04-12,TLRY,positive,L,6.23
2022-04-12,TSLA,buy,L,986.95
2022-04-12,TWLO,buy,I,144.84
2022-04-13,AGCO,buy,L,138.4
2022-04-13,AMAT,buy,D,116.86
2022-04-13,AMD,buy,D,97.74
2022-04-13,BAC,buy,D,38.82
2022-04-13,DAL,positive,D,41.02
2022-04-13,DE,buy,L,427.29
2022-04-13,DIS,buy,D,132.35
2022-04-13,DOC,positive,L,17.67
2022-04-13,GRMN,buy,L,113.07
2022-04-13,JACK,negative,L,91.59
2022-04-13,JPM,positive,D,127.3
2022-04-13,KLAC,buy,D,336.52
2022-04-13,LRCX,buy,D,472.61
2022-04-13,MCD,buy,L,251.33
2022-04-13,MOS,negative,L,75.05
2022-04-13,MU,buy,D,72.38
2022-04-13,RKT,negative,L,9.6
2022-04-13,RTX,buy,D,103.37
2022-04-13,SWKS,buy,D,122.37
2022-04-13,WDC,buy,D,47.86
2022-04-14,AXP,buy,D,181.16
2022-04-14,BAC,buy,D,37.57
2022-04-14,CLFD,buy,L,59.02
2022-04-14,FCX,positive,D,49.19
2022-04-14,FLWS,buy,L,13.4
2022-04-14,GE,buy,D,90.83
2022-04-14,GRBK,sell,L,19.05
2022-04-14,HAL,positive,D,40.76
2022-04-14,HWM,buy,D,35.48
2022-04-14,IBM,positive,D,126.56
2022-04-14,IIPR,buy,L,169.68
2022-04-14,JCI,buy,D,61.53
2022-04-14,JNJ,buy,D,179.9
2022-04-14,KMX,negative,F,91.79
2022-04-14,LAD,buy,D,290.64
2022-04-14,NFLX,negative,D,341.13
2022-04-14,PG,buy,D,158.57
2022-04-14,PLD,buy,D,162.7
2022-04-14,SLB,positive,D,43.25
2022-04-14,SPCE,sell,L,8.99
2022-04-14,T,sell,D,19.54
2022-04-14,TMUS,positive,D,132.96
2022-04-14,TRV,positive,D,184.24
2022-04-14,TSLA,buy,D,985.0
2022-04-14,TXT,buy,D,68.65
2022-04-14,UAL,positive,D,45.13
2022-04-14,URI,buy,D,331.07
2022-04-14,VZ,positive,D,53.83
2022-04-14,ZM,positive,I,110.31
2022-04-19,ALLG,negative,L,10.83
2022-04-19,BAC,buy,I,39.57
2022-04-19,CNA,buy,L,48.66
2022-04-19,LAND,positive,L,41.71
2022-04-19,PLD,buy,I,169.56
2022-04-19,PLUG,buy,I,28.05
2022-04-19,VALE,buy,L,18.75
2022-04-19,VERU,negative,L,12.64
2022-04-20,AXON,buy,L,124.64
2022-04-20,AZN,negative,L,68.85
2022-04-20,BC,positive,L,79.35
2022-04-20,BKR,negative,D,35.33
2022-04-20,DIS,buy,D,124.57
2022-04-20,HAL,buy,F,39.6
2022-04-20,ISRG,buy,L,302.9
2022-04-20,JNJ,buy,D,183.89
2022-04-20,MS,buy,D,90.61
2022-04-20,NFLX,sell,F,226.19
2022-04-20,OMF,sell,L,49.89
2022-04-20,PG,buy,D,163.65
2022-04-20,RF,buy,L,21.97
2022-04-20,SAN,buy,L,3.46
2022-04-20,SLB,buy,D,42.68
2022-04-20,TSLA,buy,D,977.2
2022-04-20,UEC,negative,L,6.11
2022-04-20,USB,negative,L,53.05
2022-04-21,AAL,positive,L,20.22
2022-04-21,BA,negative,D,181.02
2022-04-21,CAT,buy,D,232.57
2022-04-21,CRM,positive,D,177.23
2022-04-21,CVNA,sell,F,83.14
2022-04-21,CWAN,positive,D,17.98
2022-04-21,DE,buy,D,424.36
2022-04-21,DH,positive,D,24.56
2022-04-21,DOW,buy,D,69.51
2022-04-21,GE,buy,D,91.72
2022-04-21,HBAN,buy,I,14.1
2022-04-21,HON,buy,D,195.94
2022-04-21,KMX,negative,D,90.67
2022-04-21,LULU,buy,F,377.25
2022-04-21,MRVL,buy,L,59.95
2022-04-21,NOW,positive,D,491.67
2022-04-21,NUE,buy,D,175.59
2022-04-21,OPRX,sell,L,36.26
2022-04-21,PAYC,positive,D,303.89
2022-04-21,PAYX,buy,D,138.32
2022-04-21,PCTY,positive,D,190.9
2022-04-21,PUBM,positive,D,23.53
2022-04-21,RTX,buy,D,101.73
2022-04-21,SLDP,sell,L,8.06
2022-04-21,SOFI,negative,L,6.6
2022-04-21,TWLO,sell,D,124.84
2022-04-21,UAL,buy,L,50.85
2022-04-21,ZI,positive,D,51.25
2022-04-21,ZIM,sell,L,56.03
2022-04-25,AAL,buy,D,19.98
2022-04-25,AMAT,buy,L,114.47
2022-04-25,CGC,sell,L,5.57
2022-04-25,CPRI,buy,L,48.65
2022-04-25,DAL,buy,D,43.27
2022-04-25,ENB,buy,L,44.15
2022-04-25,ENLC,buy,L,9.69
2022-04-25,EPD,buy,L,25.9
2022-04-25,ET,buy,L,11.11
2022-04-25,FTI,buy,L,7.73
2022-04-25,INFA,buy,L,21.62
2022-04-25,JBLU,negative,D,13.06
2022-04-25,KMI,buy,L,18.61
2022-04-25,KO,buy,F,65.94
2022-04-25,LAC,sell,L,27.15
2022-04-25,OTIS,buy,I,74.6
2022-04-25,RL,buy,L,108.43
2022-04-25,SAVE,negative,D,25.76
2022-04-25,TWTR,sell,D,51.7
2022-04-25,UAL,buy,D,51.3
2022-04-25,ULCC,negative,D,11.31
2022-04-25,WHR,buy,I,178.87
2022-04-26,ALLY,negative,L,40.59
2022-04-26,ELY,buy,I,21.64
2022-04-26,EPD,buy,L,26.04
2022-04-26,FLR,sell,L,25.97
2022-04-26,KO,positive,D,65.05
2022-04-26,PAA,positive,L,10.7
2022-04-26,PEP,positive,D,173.3
2022-04-26,RIG,buy,L,3.83
2022-04-26,TLRY,sell,L,5.07
2022-04-26,VERU,positive,L,13.16
2022-04-28,AAPL,buy,D,163.64
2022-04-28,AFRM,buy,L,31.21
2022-04-28,BC,buy,I,76.36
2022-04-28,COOK,buy,L,6.4
2022-04-28,F,buy,D,14.62
2022-04-28,FB,buy,F,205.73
2022-04-28,HTZ,buy,I,21.92
2022-04-28,MGY,buy,L,24.03
2022-04-28,MSFT,buy,D,289.63
2022-04-28,WEBR,buy,L,8.9
2022-05-02,AVAV,buy,I,85.73
2022-05-02,AXP,buy,D,171.62
2022-05-02,BBY,buy,I,93.81
2022-05-02,EW,buy,L,104.83
2022-05-02,FIVN,buy,I,116.07
2022-05-02,GS,buy,D,310.42
2022-05-02,INDI,sell,L,7.33
2022-05-02,JNJ,buy,D,178.64
2022-05-02,KO,buy,D,63.44
2022-05-02,MGA,buy,L,60.77
2022-05-02,MMM,buy,D,145.91
2022-05-02,NKE,buy,D,126.08
2022-05-02,NXPI,buy,L,177.0
2022-05-02,ON,buy,L,55.62
2022-05-02,SOFI,positive,L,6.33
2022-05-02,TEN,sell,L,16.82
2022-05-02,UNH,buy,D,501.15
2022-05-02,V,buy,D,211.53
2022-05-03,ABNB,buy,I,145.0
2022-05-03,AMC,sell,D,15.51
2022-05-03,CRSR,sell,D,16.26
2022-05-03,CRSR,sell,D,16.26
2022-05-03,GME,sell,D,120.43
2022-05-03,LCID,sell,L,19.6
2022-05-03,LOGI,buy,I,64.28
2022-05-03,ROK,buy,I,213.74
2022-05-03,SLCA,negative,L,18.98
2022-05-03,T,positive,L,19.33
2022-05-03,UPST,negative,L,85.46
2022-05-03,WEN,sell,D,19.22
2022-05-03,ZIM,negative,L,62.48
2022-05-09,AEP,buy,I,99.69
2022-05-09,EE,buy,L,23.8
2022-05-09,ETRN,buy,L,7.23
2022-05-09,GLNG,negative,L,21.35
2022-05-09,LGND,negative,L,81.24
2022-05-09,NYCB,sell,L,9.1
2022-05-09,PZZA,buy,I,83.54
2022-05-09,SAN,negative,L,2.75
2022-05-09,SIMO,sell,L,90.69
2022-05-09,XPO,buy,I,50.87
2022-05-10,ABC,buy,L,159.65
2022-05-10,ACM,buy,L,65.81
2022-05-10,AFRM,negative,L,18.19
2022-05-10,BHVN,buy,I,140.0
2022-05-10,BKI,sell,L,69.54
2022-05-10,CROX,buy,I,54.2
2022-05-10,FNKO,positive,L,19.33
2022-05-10,MCK,buy,L,329.83
2022-05-10,MSFT,positive,D,269.5
2022-05-10,SYY,buy,I,86.05
2022-05-10,UPST,sell,I,33.61
2022-05-11,BX,buy,L,96.7
2022-05-11,CSCO,positive,L,48.65
2022-05-11,CVNA,negative,D,30.0
2022-05-11,GFS,buy,I,49.03
2022-05-11,KKR,negative,L,50.15
2022-05-11,LNG,buy,L,132.61
2022-05-11,NFLX,negative,D,166.37
2022-05-11,RBLX,buy,I,23.97
2022-05-11,RIVN,negative,D,20.6
2022-05-11,U,buy,I,30.3
2022-05-11,UPST,negative,D,28.0
2022-05-12,AFRM,buy,I,18.04
2022-05-12,DVN,buy,L,64.61
2022-05-12,FANG,buy,I,127.04
2022-05-12,GT,sell,L,11.19
2022-05-12,HII,buy,L,203.77
2022-05-12,HOG,sell,L,35.43
2022-05-12,JMIA,sell,L,5.13
2022-05-12,MU,buy,I,67.71
2022-05-12,SNOW,buy,L,140.6
2022-05-12,T,negative,L,19.72
2022-05-12,TALO,positive,L,17.6
2022-05-12,TAP,buy,I,55.57
2022-05-16,ABCL,positive,L,7.81
2022-05-16,AEO,negative,D,14.11
2022-05-16,BBY,buy,D,84.77
2022-05-16,CPRI,positive,L,43.19
2022-05-16,DLR,buy,D,128.41
2022-05-16,HBAN,buy,D,12.91
2022-05-16,HOOD,negative,F,10.11
2022-05-16,IIPR,negative,D,133.16
2022-05-16,MASI,buy,I,134.93
2022-05-16,MRVL,buy,L,55.23
2022-05-16,NUE,buy,I,119.75
2022-05-16,PFE,buy,L,50.67
2022-05-16,STEM,negative,L,7.23
2022-05-16,STWD,buy,L,23.34
2022-05-16,WHR,buy,D,180.93
2022-05-17,AAPL,positive,D,149.24
2022-05-17,AMD,positive,D,102.47
2022-05-17,C,buy,D,51.05
2022-05-17,CAT,buy,I,213.09
2022-05-17,DIS,positive,D,108.64
2022-05-17,DKNG,buy,L,13.86
2022-05-17,FSR,sell,L,10.61
2022-05-17,GRWG,sell,L,5.8
2022-05-17,HD,buy,D,300.95
2022-05-17,PENN,negative,L,30.92
2022-05-17,TSLA,positive,D,761.61
2022-05-17,TTWO,buy,I,123.08
2022-05-18,ALB,buy,F,235.98
2022-05-18,AYX,buy,I,53.57
2022-05-18,BNTX,buy,L,157.06
2022-05-18,GOGL,sell,L,14.72
2022-05-18,LTHM,buy,F,27.17
2022-05-18,MRO,buy,L,26.77
2022-05-18,SQM,negative,L,90.21
2022-05-18,VERU,negative,L,15.01
2022-05-18,VLO,buy,L,124.68
2022-05-18,VTNR,buy,L,15.07
2022-05-18,WING,buy,I,72.54
2022-05-19,AAPL,positive,D,137.35
2022-05-19,AVAV,buy,F,85.35
2022-05-19,BABA,sell,L,87.69
2022-05-19,CEG,buy,I,57.23
2022-05-19,COST,positive,D,422.93
2022-05-19,DKNG,positive,L,14.15
2022-05-19,LMT,buy,F,425.62
2022-05-19,NET,buy,L,58.0
2022-05-19,NOC,buy,F,448.5
2022-05-19,NVDA,positive,D,171.24
2022-05-19,PANW,buy,I,436.37
2022-05-19,PLBY,sell,L,9.06
2022-05-19,RTX,buy,F,90.25
2022-05-19,SOFI,buy,L,7.75
2022-05-31,BHC,buy,L,9.72
2022-05-31,BIDU,sell,D,140.35
2022-05-31,CENX,negative,L,11.8
2022-05-31,CRM,buy,I,160.24
2022-05-31,FB,buy,D,193.64
2022-05-31,HPQ,buy,I,38.84
2022-05-31,JD,sell,D,56.12
2022-05-31,LICY,negative,L,8.15
2022-05-31,NVAX,sell,L,55.33
2022-05-31,PFE,positive,L,53.04
2022-05-31,PXD,positive,L,277.94
2022-05-31,RBLX,negative,L,29.94
2022-06-01,AMT,buy,D,252.56
2022-06-01,AY,buy,F,32.15
2022-06-01,BA,negative,L,130.65
2022-06-01,BCC,buy,L,78.58
2022-06-01,DBRG,sell,F,5.93
2022-06-01,DHR,buy,L,261.0
2022-06-01,DLR,buy,D,137.44
2022-06-01,DOCS,positive,L,35.53
2022-06-01,GDRX,negative,D,7.51
2022-06-01,IDXX,sell,L,369.63
2022-06-01,INMD,sell,L,25.56
2022-06-01,MRTN,buy,L,17.51
2022-06-01,OLPX,sell,L,15.66
2022-06-01,PG,buy,L,145.64
2022-06-01,S,buy,I,24.64
2022-06-01,T,positive,L,21.22
2022-06-01,VERU,negative,L,12.19
2022-06-01,ZTS,buy,L,167.02
2022-06-02,ABNB,buy,L,121.26
2022-06-02,ALGT,sell,L,148.0
2022-06-02,BBY,positive,D,81.26
2022-06-02,CRM,buy,D,188.4
2022-06-02,CSCO,positive,D,45.79
2022-06-02,DE,buy,F,361.08
2022-06-02,DOW,buy,I,68.1
2022-06-02,EE,buy,I,29.37
2022-06-02,EXPE,buy,L,134.19
2022-06-02,HTZ,buy,L,20.19
2022-06-02,INDI,sell,L,7.85
2022-06-02,JOBY,sell,L,6.09
2022-06-02,KOS,negative,L,8.29
2022-06-02,MSFT,buy,D,274.58
2022-06-02,NVDA,buy,D,195.92
2022-06-02,RKLB,sell,L,4.92
2022-06-02,RTX,buy,L,96.24
2022-06-02,TTD,negative,L,54.61
2022-06-02,UPST,positive,L,51.71
2022-06-07,AVGO,buy,I,572.99
2022-06-07,AXGN,negative,L,9.56
2022-06-07,BL,sell,L,78.32
2022-06-07,BRDG,sell,L,17.7
2022-06-07,CB,buy,L,213.62
2022-06-07,ELF,buy,I,27.63
2022-06-07,ENB,buy,L,47.53
2022-06-07,FTCH,sell,L,9.13
2022-06-07,JNJ,buy,L,178.34
2022-06-07,LLY,buy,D,312.1
2022-06-07,LYFT,buy,I,17.21
2022-06-07,MET,buy,L,67.69
2022-06-07,PANW,buy,I,527.0
2022-06-07,SJM,buy,D,130.31
2022-06-07,TGT,buy,L,155.98
2022-06-08,ENPH,sell,L,204.77
2022-06-08,NLY,sell,L,6.59
2022-06-08,NRG,buy,L,45.64
2022-06-08,OKTA,buy,I,102.19
2022-06-08,SAIC,positive,L,92.39
2022-06-08,SNOW,buy,I,135.57
2022-06-08,TGT,positive,D,156.7
2022-06-09,ADBE,buy,I,426.42
2022-06-09,AFRM,positive,D,21.18
2022-06-09,BRK.B,buy,L,300.8
2022-06-09,BUD,positive,L,53.17
2022-06-09,EPD,buy,L,28.12
2022-06-09,PTLO,sell,L,17.64
2022-06-09,SIX,negative,L,28.74
2022-06-09,SPLK,buy,I,102.7
2022-06-09,SQ,positive,D,76.58
2022-06-09,STZ,buy,L,241.65
2022-06-09,UBER,buy,I,25.44
2022-06-15,AMAT,buy,L,97.42
2022-06-15,AMN,buy,L,103.32
2022-06-15,BABA,sell,L,108.03
2022-06-15,BROS,positive,I,34.17
2022-06-15,CHPT,negative,L,13.36
2022-06-15,CLF,negative,D,18.05
2022-06-15,F,buy,D,12.27
2022-06-15,LLY,buy,L,292.99
2022-06-15,META,buy,L,169.35
2022-06-15,MPW,buy,L,14.99
2022-06-15,NUE,buy,D,116.46
2022-06-15,PLNT,buy,L,64.42
2022-06-15,PRTA,negative,L,23.68
2022-06-15,SOFI,positive,L,5.94
2022-06-15,TOL,buy,D,44.38
2022-06-15,WDS,buy,L,22.11
2022-06-15,WHR,buy,D,155.52
